nose_x,nose_y,left_shoulder_x,left_shoulder_y,right_shoulder_x,right_shoulder_y,left_elbow_angle,right_elbow_angle,left_knee_angle,right_knee_angle,shoulder_angle,torso_angle,normalized_head_distance,posture
0.3087000250816345,0.2866140305995941,0.23707403242588043,0.3631543815135956,0.21775750815868378,0.37724238634109497,144.6316605290745,122.39315013769459,106.75135526890043,96.17601221710083,143.8958309375596,33.757044455197,0.5010349460387649,slouching
0.6322432160377502,0.23201492428779602,0.8778259754180908,0.3107137680053711,0.601047694683075,0.3088234066963196,96.43381544632072,96.7078703088767,106.0883209131975,102.20443485033525,-179.60868302090873,-5.539851464196782,0.6005716060863276,good
0.3932874798774719,0.32753467559814453,0.35585418343544006,0.43487852811813354,0.34864822030067444,0.43595337867736816,160.16766954485573,146.26936946639987,69.81514234096754,72.17580379585999,171.5162388082157,0.5651981567302797,0.47462192989136315,good
0.40061020851135254,0.5155314207077026,0.3332817554473877,0.5748996734619141,0.3274291157722473,0.6063101291656494,156.79335775962338,163.18836010735677,44.22556204952517,14.096067615772569,100.55475786342551,-7.716969426311313,0.4390482412480464,good
0.41745519638061523,0.11702492833137512,0.36540094017982483,0.2186606526374817,0.24234804511070251,0.22485226392745972,101.83734223961659,119.96911041900745,75.83034903395577,52.14763621432938,177.11949674205783,-2.9393325450641115,0.49771348539720445,good
0.3580052852630615,0.3612738847732544,0.27375832200050354,0.39818549156188965,0.24340084195137024,0.39343929290771484,110.3000707591914,92.65579996525877,168.7169639675962,174.5630330300456,-171.11410412362991,15.26869386850757,0.5842999925825605,good
0.5372496843338013,0.4119660556316376,0.6093361973762512,0.44882118701934814,0.5814128518104553,0.454818993806839,162.9809197264849,167.23728721755586,46.290077223806456,44.19387116978893,167.87732388483116,4.3885438826328675,0.24000928974421998,good
0.3615657389163971,0.4661228060722351,0.3483489453792572,0.5617784857749939,0.2830646336078644,0.5585242509841919,134.69758149095972,147.04927609694218,170.12770086886474,165.7545514755563,-177.14633249110057,-0.128150475986647,0.5303162816515541,good
0.29953378438949585,0.40671828389167786,0.2615867853164673,0.5080433487892151,0.2439209222793579,0.49937355518341064,173.2114509660896,177.040196299217,90.98482314511796,83.18906257218958,-153.85979517548557,14.78941243191869,0.4156584388439638,good
0.5372496843338013,0.4119660556316376,0.6093361973762512,0.44882118701934814,0.5814128518104553,0.454818993806839,162.9809197264849,167.23728721755586,46.290077223806456,44.19387116978893,167.87732388483116,4.3885438826328675,0.24000928974421998,slouching
0.4427412748336792,0.49941587448120117,0.37843331694602966,0.5414206981658936,0.3687933683395386,0.500055193901062,161.52469424472582,175.59106330702252,178.05969995403078,167.69565191670003,-103.11825504868031,-23.746075883929315,0.2640718883861214,slouching
0.48843953013420105,0.5720071792602539,0.3063374161720276,0.6017563343048096,0.2593340277671814,0.6192537546157837,80.26723303306143,75.38174662942018,159.57606850277477,170.62900992560407,159.58177943018404,-23.77709862905747,0.8533201123997907,slouching
0.8392031788825989,0.29097142815589905,0.8174232244491577,0.4607170522212982,0.8229212760925293,0.4533454477787018,174.3373029479081,174.77514460923416,114.6802084509083,52.16301061551543,-53.28288063636426,-21.90210298592127,0.46826165111036533,good
0.7510116100311279,0.27721455693244934,0.8390210866928101,0.4258815050125122,0.7007021903991699,0.3796194791793823,91.73506713486134,50.77096129089016,76.47147570160148,82.05802107063016,-161.5070147155281,-14.13355347770982,0.5014816672767347,slouching
0.35409408807754517,0.2924030125141144,0.5945526361465454,0.29971933364868164,0.5138838291168213,0.3060719966888428,113.39317103875744,124.31476299852322,5.0181909334380155,10.856910455184149,175.4972539402417,19.77136455921359,0.5499735475184079,slouching
0.4483618140220642,0.2830964922904968,0.44075334072113037,0.37401700019836426,0.34008875489234924,0.3741424083709717,97.9549938040718,105.80357557910064,117.14578918590676,113.13008158519054,179.92862082299928,8.319528878377186,0.47441953673326126,good
0.6381850838661194,0.16407907009124756,0.7341365218162537,0.3427343964576721,0.6803739666938782,0.32749277353286743,174.64166427572215,176.3155346298356,73.43330470005016,82.34020463608397,-164.17202739017824,3.6090589683568615,0.35638275111131484,slouching
0.6100459098815918,0.27908456325531006,0.6779862642288208,0.48015910387039185,0.5779580473899841,0.4109141230583191,30.981218457624024,17.25879528423613,105.79776358825696,104.29358085221784,-145.306907699404,-9.82796776446861,0.5123609975906709,forward_lean
0.6632272005081177,0.2678220272064209,0.7583805322647095,0.3149137496948242,0.7253983616828918,0.3432663083076477,128.33247095822088,140.89468200723803,105.49515489656577,114.50522270979575,139.31656235922114,10.62076484290821,0.3610758193290746,slouching
0.5908840894699097,0.2990262508392334,0.726859450340271,0.41553443670272827,0.6938282251358032,0.4242570400238037,124.21601864518607,132.05266023251633,85.73861523887302,98.1809732042188,165.20749574709083,0.9509917562088936,0.3450266109153547,good
0.37390202283859253,0.309164822101593,0.28433898091316223,0.4553522765636444,0.21561473608016968,0.4793340861797333,126.10669077806006,104.52321065801883,145.2660717017209,122.43470294615078,160.76320648341706,-0.8555715809805418,0.4386708898427783,good
0.4705182611942291,0.2692292332649231,0.6342148184776306,0.34660398960113525,0.6132684946060181,0.35992681980133057,162.7181639005593,164.32860886125476,108.43406961616004,105.05763560888352,147.54175400967063,24.485578298227058,0.3538342432150268,slouching
0.6027669906616211,0.33589255809783936,0.7406561970710754,0.4408363401889801,0.6611101627349854,0.46933746337890625,114.14519457505139,115.0572937045384,100.53296986548135,78.43161961280197,160.28753905254115,6.487992191803125,0.39393784886879424,forward_lean
0.640654981136322,0.1601325273513794,0.5895266532897949,0.3005170226097107,0.5801507234573364,0.2924513518810272,150.37561011359742,142.52169010376412,93.60074293226869,92.91329996225232,-139.29614079260034,-29.550654349450284,0.4629170121114408,good
0.48719990253448486,0.17772158980369568,0.6496264934539795,0.29983675479888916,0.6462153792381287,0.2665523886680603,120.51041278051017,132.5840725910677,95.01860254843598,102.6597135100275,-95.85147048698464,-0.09833093237968746,0.619593529211111,good
0.35055872797966003,0.12865951657295227,0.2878618836402893,0.23365285992622375,0.2705729901790619,0.2262851893901825,117.5888630817908,115.18341489949961,91.29062523734206,93.19619791507604,-156.91869747101458,-6.880912393088374,0.3829502264017652,forward_lean
0.6889368295669556,0.26177507638931274,0.5995309948921204,0.34397828578948975,0.5266709327697754,0.33634087443351746,60.52336108831119,71.42496435622311,79.7300911148632,70.20515360664501,-174.0159371712737,-18.23452111336958,0.5622763352647473,forward_lean
0.5752989649772644,0.21086981892585754,0.5211830735206604,0.27158108353614807,0.49601802229881287,0.292120099067688,25.36305822201818,117.17713803029092,114.93976964147653,109.84239337663422,140.77963225622634,1.4105008023697474,0.3262303000849375,good
0.46996110677719116,0.42874473333358765,0.41934216022491455,0.4752863049507141,0.4070177376270294,0.46100592613220215,41.53473890736069,47.892056389217196,86.95605472275946,87.31453997732508,-130.79524099921034,-17.25957125493774,0.44189172793642667,forward_lean
0.45084619522094727,0.12257757782936096,0.36081835627555847,0.25338631868362427,0.35921213030815125,0.25103479623794556,133.7323173697906,128.6941452606073,108.35190972022215,106.63113079174558,-124.33533790210146,2.7907882181906993,0.5146370689460977,good
0.6300011873245239,0.17259731888771057,0.744451105594635,0.32365530729293823,0.7240149974822998,0.27693119645118713,137.07028534968532,142.76099478104996,95.69051875215185,96.37574569027957,-113.62352063287449,-16.235470410101456,0.5505242831472753,good
0.6194002628326416,0.40975409746170044,0.7389628291130066,0.44603049755096436,0.6807155609130859,0.44948291778564453,130.2507222962046,131.18120874000218,128.57799925130337,131.5407682144621,176.60794475634913,5.870650093914427,0.5071454333270499,forward_lean
0.6859068870544434,0.21255072951316833,0.7648007273674011,0.34907421469688416,0.6757186651229858,0.3173507750034332,140.5780863577378,59.352240531248015,78.93994121070685,89.68356159705237,-160.39843362608156,-27.97307379092356,0.5040128253706856,slouching
0.3070162236690521,0.19436252117156982,0.2922731637954712,0.32918187975883484,0.2212081402540207,0.35244473814964294,129.55390464507377,130.66571234646992,98.83907415415318,92.45425189575198,161.87434253485947,14.457287487214934,0.39767390982447837,good
0.6162285208702087,0.2701808214187622,0.5478964447975159,0.4187787175178528,0.5276951789855957,0.42835909128189087,160.61360253860425,130.08882278607643,106.15540302692854,92.84927695211213,154.62753048412978,3.9270891529918703,0.4131278847433506,good
0.5341001152992249,0.18313956260681152,0.6487368941307068,0.2550283372402191,0.6186121106147766,0.2409226894378662,106.1115535375319,140.17160450639503,57.84667589709365,86.52521102876246,-154.90909679052152,-0.6601807323593323,0.46528218555920114,good
0.6295862793922424,0.18284404277801514,0.7187963128089905,0.3098347783088684,0.6399649977684021,0.2853888273239136,85.04218171201687,85.40444688496065,88.62058553059741,94.46048446163017,-162.7710978907396,-6.787394452908662,0.45456842610238535,good
0.6124430894851685,0.21693271398544312,0.7380689978599548,0.2843913733959198,0.6864414215087891,0.2851070463657379,128.68100102665005,128.67362859451768,137.85648394830915,138.01816816884048,179.20580400327512,-7.121186032673403,0.5578575594046006,good
0.34156399965286255,0.2241532802581787,0.2963869869709015,0.3028709292411804,0.306608647108078,0.32529428601264954,113.10857417797577,148.05705116508315,113.12307270465678,104.78091542340593,65.49418673534639,9.247467657598037,0.39372361834672015,good
0.5052996873855591,0.4062040448188782,0.5885334014892578,0.49286919832229614,0.5297211408615112,0.479004442691803,108.01375870384577,39.38513145140009,43.0039158785971,160.9020618007225,-166.7349494169766,8.419854300790517,0.43565870449382665,forward_lean
0.5034078359603882,0.17982187867164612,0.6430932879447937,0.26263999938964844,0.6183148622512817,0.2667439579963684,130.70071428203312,136.36218114853241,91.77523717049303,101.81901984953366,170.59568594568776,10.15298827258212,0.6095825800634229,good
0.6712286472320557,0.1742212176322937,0.7636282444000244,0.29104748368263245,0.699364960193634,0.2816287875175476,120.51855069591728,135.49333272578778,135.90426068619223,143.58200894731465,-171.66185636600932,-23.37515902712377,0.4258103638960563,good
0.5972177386283875,0.4361639618873596,0.5210915207862854,0.5068655014038086,0.45818084478378296,0.539043664932251,38.22813116359766,91.74681433046725,124.77431689825596,145.0564668645116,152.91072321075117,-9.826437911574239,0.4312386117392295,slouching
0.4461864233016968,0.15937107801437378,0.5905481576919556,0.2585368752479553,0.5227433443069458,0.2231808602809906,162.85916162655704,165.61892761239505,74.05171461347967,94.14461081120821,-152.4607461452851,-20.175361185466777,0.5156700786822676,slouching
0.4971544146537781,0.17208591103553772,0.7002289891242981,0.23305702209472656,0.6499515175819397,0.24238747358322144,87.65101512663074,84.59015690213168,78.4163728404604,73.44998844467135,169.486699269825,16.633388761749497,0.6498211319373188,forward_lean
0.43848946690559387,0.5562608242034912,0.37807637453079224,0.589318037033081,0.3665570020675659,0.48462167382240295,142.7056364447861,158.4847016189631,71.02825216094226,63.56124860812709,-96.27879762027283,-26.177217505503883,0.23717072692981242,slouching
0.6307170391082764,0.26074424386024475,0.5206036567687988,0.31444621086120605,0.5188115239143372,0.31523752212524414,102.77682791036668,99.96187900849156,82.39652499525504,80.64665988137705,156.17627788343867,-17.832439818301665,0.556163629658927,forward_lean
0.41565850377082825,0.25788500905036926,0.3755989968776703,0.38131386041641235,0.3152371644973755,0.41946476697921753,110.04924384003245,86.96613360085038,86.15250854932316,97.26163843629281,147.70560197401255,15.191777506333942,0.45962597836439106,forward_lean
0.6711236238479614,0.19459253549575806,0.5142470598220825,0.28774404525756836,0.4996405243873596,0.2751924395561218,102.45345994658594,98.3804922746866,86.58044967433581,82.90850535669149,-139.32705886060475,-35.70584785044202,0.5862788438480138,slouching
0.6932480335235596,0.4164965748786926,0.7897899150848389,0.5172027349472046,0.7458281517028809,0.49980399012565613,114.77741950833907,120.8700211196391,114.08879763689711,90.81998329609536,-158.4078293650839,-15.527473124032294,0.3477796485134023,forward_lean
0.7365714907646179,0.23655742406845093,0.6536676287651062,0.32279494404792786,0.5737159848213196,0.3364688754081726,17.03035407796043,36.403155665722814,73.33926683042094,108.63618836743478,170.29474549949458,-13.368954935303973,0.39000937806908514,slouching
0.5352544784545898,0.3155362904071808,0.6585405468940735,0.3663707971572876,0.6295020580291748,0.38094469904899597,128.75667933359563,144.90720434555314,72.46628219844372,78.58475936979505,153.348738184113,5.81159571746898,0.2884768305791862,slouching
0.6463626623153687,0.24541723728179932,0.7587262392044067,0.43619251251220703,0.7192628383636475,0.4433477520942688,139.77804478418864,140.88416856682298,56.65199268794142,64.17717230204663,169.7231577258827,-5.849340093972848,0.4274476396389583,slouching
0.5843518376350403,0.4752811789512634,0.5358788371086121,0.45246702432632446,0.5241023898124695,0.3929360806941986,54.15012886516653,68.84155407626201,121.548732758985,122.87274644622651,-101.18981487885652,-60.51123027700448,0.3949701248411492,forward_lean
0.7026467323303223,0.16172373294830322,0.7096667289733887,0.3351692855358124,0.6884642839431763,0.314290314912796,119.02496948434678,141.9818726805636,160.25903421115493,161.48768129983745,-135.440416582904,-33.43059232778626,0.556689999433072,forward_lean
0.5549896955490112,0.5020471811294556,0.49252280592918396,0.5207332968711853,0.5125855207443237,0.5627306699752808,116.12539988222159,122.98238225131792,19.54381377476966,23.349260223411033,64.46556106095392,-31.33242335761938,0.3160529114156698,slouching
0.36083704233169556,0.20789557695388794,0.3190750777721405,0.2833898961544037,0.2736186981201172,0.2756512761116028,83.20672040721415,75.96776324780664,114.36676841330019,108.12172064898017,-170.33843615961538,5.870373278304708,0.3458855431041394,good
0.3386433720588684,0.5054817795753479,0.2944941818714142,0.5085772275924683,0.2977813482284546,0.5164191126823425,85.56554128826522,64.36087786204308,96.82601077801607,87.69972004031594,67.25751265801306,-15.501107671811738,0.3366806242875174,forward_lean
0.5039529800415039,0.46792545914649963,0.5779634118080139,0.48510223627090454,0.57487952709198,0.48235058784484863,134.10811848768057,143.47904590817623,148.781723987169,149.9688313432927,-138.25852140020655,10.147035737944329,0.3302347237719452,slouching
0.6233670711517334,0.5088620185852051,0.6751216650009155,0.5707583427429199,0.6476173996925354,0.5749236345291138,73.77850547003264,80.02424267378598,57.85558152385132,54.35956650319601,171.38846772943626,-4.262686898615086,0.3917286824742971,good
0.33241987228393555,0.15921974182128906,0.2525460124015808,0.2558084726333618,0.2158692628145218,0.2771841585636139,118.91719965168323,105.71503243005174,108.33157101281809,101.21594036970448,149.76581231300605,14.791173872547015,0.4997173793053303,good
0.4732860326766968,0.16683265566825867,0.572137176990509,0.27492159605026245,0.531387984752655,0.2816265821456909,106.68417466907952,108.49562943503369,92.27874979024378,109.81865058349928,170.6561182582168,10.863090272578864,0.4852240135405073,forward_lean
0.3381769359111786,0.243910551071167,0.21349193155765533,0.2995184063911438,0.16659954190254211,0.326919287443161,114.62751445246356,115.1178501514911,42.140525223279404,74.53172839067396,149.70074600486456,1.8616109499075957,0.677333509492708,good
0.39442169666290283,0.514695405960083,0.36209821701049805,0.5866292119026184,0.34390896558761597,0.5856707096099854,49.703875488856454,61.84709491636951,31.691098531634374,51.927553483661384,-176.98352693932745,4.0659588086447265,0.35560091486492135,good
0.28848493099212646,0.5003669261932373,0.2880539000034332,0.5875083804130554,0.2417023926973343,0.6075087785720825,60.259633273133204,114.85168477424205,61.43345892267581,144.6039504902295,156.6600911784303,33.01730669694044,0.36752486253758243,forward_lean
0.6907979249954224,0.4096398949623108,0.7558577656745911,0.5246766805648804,0.711094081401825,0.5133386850357056,58.76207752638952,75.6176476058618,63.64638282344781,61.126190775521934,-165.78671786144125,-3.9169891200615576,0.41437657464609284,good
0.5442872643470764,0.4800613820552826,0.596907377243042,0.5573589205741882,0.6002442836761475,0.5442609190940857,70.24415409298581,78.78995557866666,77.61603753080904,81.67408409982636,-75.70711559174805,13.398863352186991,0.451070010842703,forward_lean
0.27197155356407166,0.22794553637504578,0.22074513137340546,0.32182639837265015,0.21232250332832336,0.3220372498035431,149.80701569391692,139.2424245022109,122.15343465869685,100.52719978836022,178.56596132589596,0.3938151436599003,0.3987078177126061,good
0.5034482479095459,0.16716933250427246,0.6134015917778015,0.29027464985847473,0.5625206828117371,0.29063135385513306,138.07213997437876,135.5298439083384,78.26306410291387,75.83059457777269,179.5983307070193,-1.4172918246283481,0.5218429274369523,good
0.494195818901062,0.256115198135376,0.45290690660476685,0.3645394444465637,0.4320908188819885,0.3745707869529724,144.87689142234606,138.55465886312666,95.49989458150363,89.67694344596738,154.27042688755068,3.8105278547578436,0.47455124365427653,good
0.7184615731239319,0.21568819880485535,0.8074065446853638,0.32216233015060425,0.7343255877494812,0.3359909653663635,161.05834666379002,163.1487592580134,123.4395559922753,127.43450325334864,169.28497848030105,-19.286465639129677,0.4121961185159177,good
0.3575963079929352,0.22839784622192383,0.33111461997032166,0.3234650492668152,0.27552735805511475,0.3150113523006439,40.07388052712842,66.92766325871551,105.52234621637194,86.47203134570104,-171.35273124904018,3.8426814239986773,0.42713017060848946,forward_lean
0.3460383117198944,0.20407497882843018,0.2557094097137451,0.2926882803440094,0.20929110050201416,0.30063170194625854,132.63877414791324,118.50570653361044,97.09216789649726,130.74145135307813,170.28921304802353,17.00857304683288,0.6442343530645889,good
0.4047822654247284,0.2538641691207886,0.36845406889915466,0.32380610704421997,0.3552808463573456,0.3174307346343994,127.81957027837453,121.70805032949171,145.57142418712408,123.26830952084187,-154.17466462597244,-0.13339761364550007,0.3916292326611241,good
0.6053152680397034,0.1696760356426239,0.6947989463806152,0.2835478186607361,0.6745239496231079,0.26872071623802185,124.51396962397851,124.88701476702232,85.97701989092593,92.15883814308573,-143.82200032544512,-17.40654376347242,0.44887503740147955,good
0.6653257608413696,0.15064558386802673,0.7526659965515137,0.2638068199157715,0.7227810025215149,0.2774500250816345,102.27290532360199,89.73593192168002,109.01880415388048,112.25027941170525,155.46218312493835,-11.230226254668914,0.419077166499829,good
0.5470850467681885,0.15899085998535156,0.4161180257797241,0.23103728890419006,0.42467132210731506,0.24540002644062042,133.4798441074126,126.89291281845392,62.2703771664291,59.766924455242,59.22535892346033,-13.189135653112542,0.625214377337288,slouching
0.5102378726005554,0.16475963592529297,0.4229590892791748,0.28034287691116333,0.39283210039138794,0.26663878560066223,129.94363240698576,131.5881550154104,78.24234367682439,75.18611451958861,-155.54027703088326,-4.613715013989284,0.49477872243288795,slouching
0.5093053579330444,0.2454928755760193,0.47945964336395264,0.32590150833129883,0.43300890922546387,0.31713804602622986,150.96248463578752,177.82694426719797,110.46309619708593,107.84453601102483,-169.3160728045012,-1.167635099721902,0.4610486927232206,slouching
0.49450919032096863,0.2999514937400818,0.5678442716598511,0.44539740681648254,0.5071864128112793,0.45384925603866577,104.3430861522657,140.75411322581257,61.529617235728566,42.48020056379831,172.0676821568465,1.3589430279160215,0.47230791918889337,good
0.41120174527168274,0.2683214247226715,0.3812265694141388,0.3528590202331543,0.36120760440826416,0.3741680681705475,79.97328407190697,68.7225754011699,91.79219259442003,91.12755512945127,133.21205261390784,8.95904418280111,0.44709295151253053,good
0.4955982267856598,0.5899266600608826,0.46950510144233704,0.6613909006118774,0.4309695065021515,0.6754040122032166,141.6797140404565,130.8371946882527,85.69843889649552,161.44163059446998,160.016672894169,6.1604168564114845,0.42637391592958407,forward_lean
0.5604760646820068,0.41438955068588257,0.5271575450897217,0.5099833011627197,0.5017316341400146,0.53484046459198,29.695135369495578,47.68723081790977,33.49323487994239,42.90603766569065,135.64803998869476,-3.1816974110310507,0.4659567825402663,good
0.49797526001930237,0.3082069158554077,0.6140694618225098,0.489052414894104,0.5400061011314392,0.4861474931240082,138.27856548598572,21.536345736632605,119.85889743837167,124.99075643982773,-177.75388956842346,8.837060182480338,0.4396438560062432,forward_lean
0.21169522404670715,0.2791456878185272,0.18624171614646912,0.3343426287174225,0.15769100189208984,0.3617042303085327,136.84225229488638,125.43642061666893,25.854508430563115,25.772346942754655,136.21835174804764,8.415949139489564,0.45907690136634166,good
0.45662686228752136,0.2545449733734131,0.5108925104141235,0.4093267023563385,0.5114085674285889,0.40648865699768066,98.5685430293618,106.29116951591541,40.699322661570584,45.081015258127245,-79.69420049969665,3.9381023419139427,0.48205357639048746,slouching
0.42498084902763367,0.21409988403320312,0.5554099082946777,0.3151375353336334,0.5036090612411499,0.30247268080711365,76.88200848967712,120.01783468816201,62.28716887743826,66.33014014654039,-166.26120046020387,4.470131768469096,0.550502008369838,good
0.42035338282585144,0.35696932673454285,0.35766953229904175,0.4284583330154419,0.2974151372909546,0.43786394596099854,147.87977261068446,131.54922538523064,100.07919817342682,98.94087492898183,171.12782166368808,18.41040168915906,0.5481819526715777,forward_lean
0.599416971206665,0.1602030098438263,0.6780693531036377,0.2910318672657013,0.5946453809738159,0.23587936162948608,177.35301697432018,9.23761622389885,111.9492490258785,111.92417698708165,-146.5308706926279,-11.072480546596324,0.38755321265762904,good
0.4562843143939972,0.26960277557373047,0.3957170248031616,0.38262739777565,0.3263847231864929,0.39728957414627075,139.82732338329546,135.94258821266652,56.883048746166125,111.36765568405346,168.05920203430782,-2.468397761186256,0.4024048070026902,good
0.6389302015304565,0.3662770688533783,0.749807596206665,0.4924796223640442,0.7264275550842285,0.47860807180404663,109.80408235270008,130.6001623194253,97.4672334095622,120.8029438819464,-149.3190318973261,7.193897265788099,0.3874901086281219,good
0.5585949420928955,0.19201982021331787,0.6851443648338318,0.30469512939453125,0.647988498210907,0.2954065203666687,127.35092415402828,130.4965383283433,84.56282092523348,91.39214978827697,-165.9642755694541,-2.695779585563697,0.6168136244461561,good
0.37555205821990967,0.38284626603126526,0.3134613633155823,0.4539794623851776,0.3086247444152832,0.458950936794281,67.43239505604137,52.035610400183224,77.24859238896403,72.67404340276714,134.21226639962012,12.479397640365894,0.34951666036097384,good
0.6596881747245789,0.3673940598964691,0.7408674359321594,0.3644159436225891,0.7143365144729614,0.3639228343963623,66.41360773812835,74.1364905111392,96.53451034110914,101.60127202788686,-178.935211319196,14.25127166429284,0.2870227331584245,slouching
0.5990849733352661,0.31581491231918335,0.730383574962616,0.4173457622528076,0.7519751191139221,0.29751282930374146,67.64572303526846,118.82559287818873,66.7357004784834,91.43274305037838,-79.7860155759814,10.809123061272315,0.4327766349708255,slouching
0.5572212934494019,0.2926046550273895,0.46330004930496216,0.33973169326782227,0.36588236689567566,0.2672821283340454,72.74160640438501,94.85827789994039,65.22055293190796,72.61046941672191,-143.36180531218218,-12.193503274660163,0.3278441376179063,slouching
0.5994515419006348,0.397959440946579,0.4928298592567444,0.4793648421764374,0.4726983606815338,0.5050046443939209,142.80437416509486,133.32155003718142,77.78744195247755,59.634981388099355,128.13779468309994,-18.913768945613686,0.4869338947350431,forward_lean
0.5318636894226074,0.41210490465164185,0.6454812288284302,0.45400333404541016,0.625015914440155,0.4462646245956421,109.67195489121656,98.39329713551201,97.47334582770604,120.55928279095576,-159.28649869972017,-10.737578703108605,0.5746803004148519,slouching
0.5884189009666443,0.20585009455680847,0.6657394766807556,0.31138086318969727,0.6429054141044617,0.3012024462223053,104.38594619858216,34.197383906079864,104.15540778132257,101.39450388579878,-155.97479747855635,-9.327816581659773,0.5268040480837759,good
0.7465008497238159,0.21701228618621826,0.8210785984992981,0.32717347145080566,0.800380289554596,0.3064665198326111,144.38599602133948,140.53168098710933,87.13066496360744,75.64437426905877,-134.98804043976776,-38.84197306611558,0.4393892563526576,good
0.39589715003967285,0.2926079034805298,0.3378683626651764,0.3700786828994751,0.27523645758628845,0.3891614079475403,161.5088337651686,138.2595968997015,92.39455455360023,102.84376732531811,163.05503952789346,18.392209169195255,0.6005160795222472,good
0.4859520196914673,0.17797362804412842,0.548704206943512,0.3533756732940674,0.54948890209198,0.3143065571784973,150.73471479490973,179.61240744104379,57.45951411483229,54.157438387007744,-88.84938077499609,3.6002563383589137,0.4217170714391267,good
0.27428990602493286,0.24469098448753357,0.29231634736061096,0.346951961517334,0.24027538299560547,0.3589659333229065,164.79273366935888,22.481189270228196,166.6473657790083,162.47796430242363,167.00066008659678,25.171097741141708,0.43192840668329274,good
0.6405351758003235,0.3259234130382538,0.6871472597122192,0.40871304273605347,0.6892711520195007,0.40174585580825806,122.40283634288343,133.2973851333991,79.00851288270582,85.91965795104517,-73.04656840225401,-7.675996333163344,0.4171536978266576,good
0.7325355410575867,0.27112433314323425,0.8084439039230347,0.3798321783542633,0.7489396333694458,0.36073678731918335,69.49921086736553,67.42174275563953,163.03337139707736,135.86966457124285,-162.20815345504607,-19.491715836656805,0.5222594311488588,forward_lean
0.4015823006629944,0.30759796500205994,0.34921973943710327,0.3428022861480713,0.27169403433799744,0.3164925277233124,160.92958989790193,143.7802656769143,124.59006256726717,118.00443501233988,-161.2544218345294,-14.859781085514681,0.26405781875308043,slouching
0.5753157138824463,0.2571975290775299,0.6711363196372986,0.38848981261253357,0.6340165734291077,0.3666188716888428,177.32669363094124,179.84487271991875,92.81815288909915,94.63672604335993,-149.49342347892272,-3.70237422155952,0.38700887697639025,good
0.5052036046981812,0.2782300114631653,0.3624109625816345,0.37016579508781433,0.30957111716270447,0.35675615072250366,92.17423657592816,97.12300285348252,80.7573916375682,60.79294495901306,-165.76015293436964,-15.260726378140713,0.621778912710023,forward_lean
0.5158780813217163,0.32217130064964294,0.6199309825897217,0.46719425916671753,0.596738338470459,0.4441291391849518,100.58466746550411,130.84957217455306,99.50628777657475,127.12505590183002,-135.1579535132443,8.541741170951068,0.5122816586957488,good
0.2611720860004425,0.10692006349563599,0.29295769333839417,0.24023723602294922,0.218069389462471,0.2761135995388031,118.31073721742405,111.18577764316603,96.8054395771639,102.9857823437783,154.40255111212068,41.84187217956215,0.46452281413868024,good
0.5884315967559814,0.16201049089431763,0.7251393795013428,0.2607591450214386,0.693486750125885,0.256564199924469,123.56821478228385,137.47745906612423,76.57090736148595,108.303008328666,-172.45054565608106,-5.664400670724772,0.5510254191214816,good
0.26308876276016235,0.17669089138507843,0.43176764249801636,0.22121067345142365,0.35423070192337036,0.2583750784397125,55.91831940971515,37.93912331920632,100.07737462179594,96.21923908489507,154.39102935225986,50.04596594450878,0.5263563139910685,slouching
0.3230670094490051,0.307528018951416,0.32250016927719116,0.43977996706962585,0.25222155451774597,0.4239656329154968,152.93532283765597,171.27119155264626,60.536530893747795,76.88578974948156,-167.31833937742425,12.222845041678593,0.3525963854194348,good
0.7628135681152344,0.35056272149086,0.7072873115539551,0.43594563007354736,0.6706987023353577,0.41027334332466125,126.89892580776517,130.490497837577,53.08472224333041,55.59374427230671,-144.94469700784725,-10.791156319938109,0.40091301190286455,slouching
0.33207735419273376,0.2856560945510864,0.26502376794815063,0.35946255922317505,0.2525043487548828,0.3594203591346741,122.8543067382476,123.05675097931189,151.33896718360668,158.49131214145845,-179.8068698098928,12.176573342694091,0.42939886995811505,good
0.46523240208625793,0.33430060744285583,0.5827326774597168,0.3590020537376404,0.551191508769989,0.3571907877922058,121.9434717919711,130.44289970682087,140.51501466819147,143.84080468952894,-176.7133734033972,22.607735710632035,0.6138322741686485,slouching
0.4736142158508301,0.272683709859848,0.385914146900177,0.3808667063713074,0.37472572922706604,0.3681503236293793,119.8143030357515,118.16103974158081,118.1016906888667,62.3865357617416,-131.34270048420888,-2.669098998722282,0.5221504425298579,slouching
0.5071436166763306,0.3389861583709717,0.7774646878242493,0.5294165015220642,0.6824641227722168,0.5105407238006592,127.13658025262998,127.3893954132994,55.01263633904132,93.8213856649518,-168.76218933383655,-6.0347253501832645,0.6469956315056423,good
0.4949295222759247,0.487321138381958,0.5648438930511475,0.558481752872467,0.5420948266983032,0.5374149084091187,137.68679178559353,166.76371411691292,87.3912199846654,58.77020887170942,-137.19867388700794,6.269040578759041,0.562071538942951,slouching
0.4632713198661804,0.28512832522392273,0.3582794964313507,0.34929388761520386,0.3710733652114868,0.3937109410762787,179.47684256070784,178.94720143033393,176.4207564459243,176.0641653415561,73.93150617757003,-15.88989414110091,0.342800786842173,slouching
0.4820854663848877,0.2439439296722412,0.7282012701034546,0.38550153374671936,0.6239161491394043,0.3608168065547943,137.17414185251485,154.21489970730468,129.44921281011776,87.45710229859742,-166.6829501260098,-0.7198824257521552,0.6227189724458975,good
0.5562328100204468,0.20085328817367554,0.6731231808662415,0.34911561012268066,0.6242779493331909,0.3394987881183624,154.9122547893047,174.5900823517615,103.08718784523698,111.07468045932639,-168.8618623878015,12.383686978519243,0.40434001138721615,slouching
0.6335797309875488,0.30303046107292175,0.6943827271461487,0.40704283118247986,0.7105551958084106,0.37940385937690735,152.04824251692227,147.64338160922395,126.95829644772701,139.02262076748156,-59.666697815958884,3.575643047806509,0.41924873693456916,slouching
0.6944775581359863,0.3843930959701538,0.820184051990509,0.4108033776283264,0.7428702712059021,0.4183988571166992,103.60408664913241,10.2297954925957,100.52222632515614,84.36256204893728,174.38913884416675,2.2161208338301335,0.5361867351275743,good
0.5122354030609131,0.27680113911628723,0.7798305749893188,0.39227449893951416,0.650780975818634,0.4058706760406494,127.67973774713909,127.01892335616314,108.82960256387295,103.16296446851666,173.98572083898338,15.860678110671632,0.6039630221336245,good
0.5257524251937866,0.2813677489757538,0.6789274215698242,0.351039320230484,0.6161212921142578,0.36358970403671265,125.02368670027963,133.37006665984222,60.86575455083766,83.29570463388204,168.69957826971842,-2.3827642090929504,0.5389019057076384,good
0.526336669921875,0.42348727583885193,0.488395631313324,0.48701584339141846,0.41687723994255066,0.4849521815776825,129.543213547902,51.14713289353941,131.86472717451983,75.11835296048619,-178.34718999264845,-8.666950654404987,0.527328250705078,forward_lean
0.3502342104911804,0.28899946808815,0.3391900062561035,0.4316515326499939,0.25280600786209106,0.4377581775188446,170.69049342287303,61.38058248597501,83.06921887200589,83.18798768295999,175.956382030846,5.248732445224213,0.4584717602012277,good
0.38325604796409607,0.2724769115447998,0.30462905764579773,0.4441322386264801,0.332817018032074,0.45480459928512573,177.08178082414867,174.15687753498204,108.26714711920442,116.01089686656803,20.737374829618535,5.385834564386937,0.5524491349673223,forward_lean
0.2969427704811096,0.3621343672275543,0.45872876048088074,0.43639910221099854,0.41277873516082764,0.4141184985637665,131.72742903054765,163.34603273674946,136.100469113017,125.07517242771495,-154.1318224571802,27.43716404619916,0.6255915124055198,forward_lean
0.37925368547439575,0.3643418550491333,0.557352602481842,0.4281066358089447,0.46843957901000977,0.42066457867622375,123.53277621047242,174.75448868463704,116.57144906688498,96.18706914181722,-175.21547165605244,18.89372989150109,0.5608564785750323,forward_lean
0.2969750165939331,0.3667239248752594,0.4687696099281311,0.4803396165370941,0.4488430619239807,0.4330158531665802,124.82943113187405,159.63047523155703,45.00772761412226,54.45116504947887,-112.83442845588942,29.768754402677768,0.6377156366602206,forward_lean
0.3829194903373718,0.21034055948257446,0.5080162882804871,0.33910664916038513,0.5296943187713623,0.3166997730731964,141.90996065383197,159.31247831108996,94.77880502232928,72.87355806853435,-45.947171621375965,11.730371294307195,0.5193164847266694,forward_lean
0.3670957684516907,0.3347100615501404,0.5586377382278442,0.3803831934928894,0.49605071544647217,0.37870287895202637,94.55297182235714,129.61441159513433,95.43204378234739,93.54621402135251,-178.4621123417103,36.48946113803501,0.5749871565006416,forward_lean
0.47792714834213257,0.409246027469635,0.6279274225234985,0.47785526514053345,0.5550484657287598,0.4720206558704376,117.15821395212933,143.68016922380957,130.64216439614808,109.64901788884679,-175.42272537342464,31.92160846807692,0.5435927944405781,forward_lean
0.3442954123020172,0.3212920129299164,0.462902694940567,0.4439621567726135,0.5121802687644958,0.35203197598457336,99.3304234383346,109.99457359444293,64.7535024427739,69.28538379316618,-61.8072406657511,18.453000052470298,0.5594831531941779,forward_lean
0.3848022222518921,0.48526981472969055,0.5163447856903076,0.597527265548706,0.5766802430152893,0.4992084503173828,94.6842291992396,94.58363670670285,48.08815336209214,63.480289265223256,-58.46374458571653,19.511547636579877,0.5931569441067185,forward_lean
0.20362073183059692,0.4916650056838989,0.31828153133392334,0.6159701347351074,0.4187762141227722,0.501406729221344,64.86668604759778,101.97072534113599,37.039314907618696,53.164571355946215,-48.74285618254761,27.745030100942177,0.4875136619822348,forward_lean
0.363582968711853,0.2701856791973114,0.4908520579338074,0.39472073316574097,0.4524029493331909,0.3701692819595337,137.32711435496847,151.39654808459744,75.55587675057008,73.41237245639356,-147.43997403444115,41.7617623366673,0.5093145890960273,forward_lean
0.2886615991592407,0.3067784309387207,0.4031149744987488,0.39635205268859863,0.44045791029930115,0.3705383241176605,139.23041962888803,134.10309059420337,81.30591794490303,87.89540839185915,-34.6546071781004,41.76094017084939,0.48851404633636286,forward_lean
0.4036128520965576,0.4438764750957489,0.5678104162216187,0.4385557770729065,0.4812927842140198,0.5005308389663696,111.34383743809607,137.36846608644763,119.06839063651944,102.24914384550357,144.3848884687534,26.12750911698214,0.4878479815802006,forward_lean
0.5696665048599243,0.3982791006565094,0.45753681659698486,0.4731465280056,0.45916610956192017,0.488637775182724,128.56544069967288,125.95491898631536,99.44903692622233,95.07784416846907,83.9959859936719,-32.41835645997099,0.4670845532406347,forward_lean
0.541982114315033,0.37935343384742737,0.4211835563182831,0.45528116822242737,0.42842984199523926,0.4666788876056671,126.30470436960945,115.80958662377547,94.13901525956724,90.5456761124715,57.55317507187601,-29.479497569083946,0.47245496848903823,forward_lean
0.7750360369682312,0.40179187059402466,0.6615442037582397,0.48662418127059937,0.6889277696609497,0.5020017027854919,146.19841023780907,132.432143513426,104.67297658255917,108.94102986044659,29.316834119528508,-43.160494372559725,0.4721468658739288,forward_lean
0.6582119464874268,0.28523683547973633,0.5304118990898132,0.3544560372829437,0.5471345782279968,0.39601844549179077,118.04341666253949,112.8610971468131,104.9950883818846,97.20746424435026,68.082558872242,-39.01534136329557,0.5146668397196507,forward_lean
0.48392534255981445,0.42069363594055176,0.6420906186103821,0.44920241832733154,0.5760828256607056,0.47785407304763794,118.81789178594263,123.6254800696024,91.16313854900513,83.95852437214243,156.5360357219195,46.900298214633644,0.42238753385236727,forward_lean
0.4206327795982361,0.4430002272129059,0.5540393590927124,0.5013781189918518,0.5583062767982483,0.46687063574790955,109.68122726121273,121.3298094368026,105.03820757233625,107.24621813254788,-82.9510453468013,40.103502684311145,0.4584694210892996,forward_lean
0.46166661381721497,0.3645557761192322,0.652340829372406,0.4437698423862457,0.6382812261581421,0.39698004722595215,78.93660625917842,121.09863366246867,145.61442016688596,112.02712250148336,-106.72470294392024,33.510043790078,0.5805295956220324,forward_lean
0.3061755299568176,0.4079402983188629,0.47729289531707764,0.4565085768699646,0.4643371105194092,0.42531663179397583,84.14758458258748,101.84121734273727,148.80654826278538,92.661526474303,-112.55588478162204,37.39153146495195,0.5498045477517511,forward_lean
0.502726137638092,0.3874073326587677,0.6829281449317932,0.47188466787338257,0.6296008825302124,0.4410385191440582,92.81438396782835,129.61884871021107,174.03219084731487,157.26179289868213,-149.95357510295386,24.88487898569936,0.5880130564854544,forward_lean
0.5090090036392212,0.40650975704193115,0.6827583312988281,0.48804062604904175,0.6488540768623352,0.45245683193206787,90.39324849021808,123.13976390480222,177.7537718472068,121.24247671305815,-133.61541942037894,23.46488601220285,0.5636424753670948,forward_lean
0.3398439288139343,0.4295118451118469,0.4982849061489105,0.4499928057193756,0.48102638125419617,0.4137125611305237,80.95939625809599,104.8866958427078,70.1507997235689,72.04243323430683,-115.44044913411138,53.12619345118573,0.5018870146793843,forward_lean
0.37210696935653687,0.32334041595458984,0.5168763399124146,0.398142009973526,0.4642411172389984,0.35503512620925903,120.86678375679003,139.7694654794872,111.79660484544843,104.62044935235927,-140.68341222620765,51.84727458009921,0.4190461317449332,forward_lean
0.3417332172393799,0.41144582629203796,0.4594530761241913,0.4777158498764038,0.4428670108318329,0.432426393032074,119.95075656226277,141.4421588357014,125.78505577116029,115.98633710400411,-110.11391994394259,49.9750871852768,0.39180004078053327,forward_lean
0.3576095402240753,0.3718050420284271,0.47967129945755005,0.4691789150238037,0.44212621450424194,0.4070625305175781,159.76748057663522,167.0381766766036,102.72952272589116,101.29486315688663,-121.1500775516803,43.31305995875201,0.4255371808318033,forward_lean
0.3881613612174988,0.3812231421470642,0.5174791216850281,0.4485941529273987,0.4868345856666565,0.411859393119812,115.77041462745869,133.04430943582537,117.18143439954272,108.13697383296706,-129.83523130207513,46.29205373787189,0.43257732868682247,forward_lean
0.5300785899162292,0.30620723962783813,0.6709242463111877,0.4599590003490448,0.5900840759277344,0.4231375455856323,138.84308903060838,159.03120284970925,143.5788793813298,134.05929183242736,-155.51146458316236,-2.958047816883392,0.5862959811763199,good
0.5960038900375366,0.36739301681518555,0.7733434438705444,0.5156325101852417,0.6411977410316467,0.47872501611709595,144.73045572700968,158.10615241472908,159.6216151152133,126.94827147434488,-164.39527360985508,-4.585177538497549,0.5804611363557359,good
0.3822740614414215,0.33917689323425293,0.4966221749782562,0.48302972316741943,0.4901227653026581,0.45740434527397156,140.1402383543393,147.14644064759318,109.65319576020603,101.43537692364052,-104.23191970682645,6.439207112099859,0.5321369941694312,good
0.30415216088294983,0.3250386118888855,0.4247414767742157,0.46480122208595276,0.41634121537208557,0.43983739614486694,135.17268703964652,143.67694250059733,126.83386848686058,122.33941757868776,-108.59795024444523,3.0123527252883853,0.525831213157348,good
0.6117103695869446,0.3368179202079773,0.7568045258522034,0.49337121844291687,0.694991946220398,0.45546820759773254,128.96006578475408,148.41142908259891,116.60687450585144,108.86741126539098,-148.48368616519664,9.974961743151828,0.5713091742907696,good
0.4745764434337616,0.3027137517929077,0.6118579506874084,0.490913063287735,0.5430755019187927,0.4524829089641571,131.9116326333863,148.072774472929,151.58140423630866,137.11277266028253,-150.80701877996208,1.206013827121451,0.5700835749621073,good
0.46953174471855164,0.29333242774009705,0.5979368090629578,0.43684208393096924,0.5378493070602417,0.42933157086372375,126.05891503961873,136.0309002079317,72.36275806901746,54.38226074595607,-172.8753823733292,3.3996826794279653,0.5208714276203565,good
0.52922123670578,0.3043326139450073,0.6719248294830322,0.4443855285644531,0.597324550151825,0.4282645285129547,126.70999978856155,136.51080778326207,62.84129439875924,51.15664996009887,-167.80598101761916,2.6340672201185837,0.5228923927986566,good
0.4643729329109192,0.36477914452552795,0.5718666315078735,0.510158896446228,0.5340318083763123,0.4814007878303528,119.94623432229514,139.30886842511444,141.8467063753476,106.62117873710895,-142.7616691657867,12.391536909390247,0.5679426819381558,good
0.4486210346221924,0.3613564968109131,0.5717328190803528,0.49144235253334045,0.517890214920044,0.46464893221855164,135.46183127825114,142.3953827675407,114.07739859299629,80.69998112905795,-153.5439189495812,7.006917009672139,0.541643039373441,good
0.26631057262420654,0.37080442905426025,0.3592588007450104,0.48478686809539795,0.3735559284687042,0.4637882709503174,121.01462360960375,122.281118416724,111.82894585494053,118.73389395821928,-55.75057451938775,16.092689262356622,0.43316925386297633,good
0.4619245231151581,0.26378244161605835,0.5765917301177979,0.391849547624588,0.5274660587310791,0.36816394329071045,144.98820943497535,154.29206579421856,88.9367787355144,78.87854465102252,-154.25927955689392,1.0233558408916392,0.5079557247857477,good
0.46773606538772583,0.2799409329891205,0.5969145894050598,0.39316481351852417,0.5645843744277954,0.3616980314254761,145.69277251715937,153.82850731056814,74.31857212149163,79.83470011704938,-135.77539762383216,-0.3511875165769738,0.48105068173797033,good
0.5174715518951416,0.19629856944084167,0.6385077238082886,0.3303244709968567,0.5877618789672852,0.3012376129627228,145.48746603986692,152.9465954902403,88.79242631213991,91.10872924118456,-150.17922628348563,-2.6653984696854556,0.5216364521768967,good
0.24669748544692993,0.2755209803581238,0.39105942845344543,0.45439061522483826,0.3700713813304901,0.3973351716995239,119.4821178094034,143.39257483789893,74.5907830660162,73.24848250135496,-110.19622436874802,7.088268200282592,0.6036144484197462,good
0.36891892552375793,0.31321656703948975,0.5418286919593811,0.45685064792633057,0.4655965566635132,0.4368343651294708,120.68858329692999,141.88780929765565,87.48884920252789,80.5114715746191,-165.2879362503707,3.5806364975561937,0.5382998557786887,good
0.34280169010162354,0.25572654604911804,0.4931512176990509,0.38238877058029175,0.46157628297805786,0.36447256803512573,122.97896033386253,137.849895282599,96.6625543608721,94.64425560084487,-150.42862108944536,1.6886835388902364,0.5163630830322944,good
0.27148905396461487,0.4073945879936218,0.43642687797546387,0.5334709286689758,0.3908615708351135,0.4733579456806183,116.1673160914741,145.03342688858098,69.78825058194451,73.37602460638387,-127.16192517087981,12.90514461794132,0.6151080711739454,good
0.39880916476249695,0.24272727966308594,0.5497843027114868,0.3884615898132324,0.45918282866477966,0.3715965151786804,131.13735846115028,133.8388054958907,92.42512130759252,84.24638913077719,-169.4553235289597,-0.5867847379780686,0.5215875756598024,good
0.4789368510246277,0.2614579200744629,0.665451169013977,0.42046883702278137,0.5422784686088562,0.41083216667175293,125.0224938229209,144.03445461330205,56.84130614197351,60.59793487991672,-175.526459194895,3.3926056710481434,0.5468886968898734,good
0.360750675201416,0.23598623275756836,0.5435295104980469,0.3986917734146118,0.4606110453605652,0.355804979801178,120.86414215557835,137.7313867291646,59.66939578130065,61.904599102274155,-152.65125140356577,6.529159994367776,0.5242179218863068,good
0.4745974540710449,0.32648080587387085,0.6009626388549805,0.5082403421401978,0.5402314066886902,0.46463432908058167,126.23431953169155,136.85913289938725,59.50337161485162,71.03239351836295,-144.3210377020574,-3.843485978099228,0.5071617638858372,good
0.3532209098339081,0.2797253727912903,0.46825656294822693,0.36404168605804443,0.41375285387039185,0.36388206481933594,130.8261305543571,135.7807202655457,128.98462468563744,102.96059252828024,-179.8322022976683,-0.17718172156620374,0.48301808193577156,good
0.6086111068725586,0.29295486211776733,0.7495231628417969,0.3893965482711792,0.6513129472732544,0.4098181128501892,128.74067362719722,141.3846596388778,87.61904455053678,73.1023265414669,168.2534613246313,-4.698331573719502,0.46406151000609536,good
0.3441055417060852,0.18749642372131348,0.5043294429779053,0.2865675985813141,0.39330190420150757,0.2948496341705322,138.69282337842273,163.94334300269423,112.78529383211098,75.18539312942548,175.73395503374496,9.76294424987006,0.5183635917196762,good
0.4588961899280548,0.26022398471832275,0.5929605960845947,0.3600747883319855,0.5196484923362732,0.3707486689090729,125.27111502530427,137.27783319769603,84.97842422052739,55.48287938377951,171.71622291269838,4.749806331745543,0.4816439801573295,good
0.515533447265625,0.3151514530181885,0.6424628496170044,0.4239247143268585,0.6244444847106934,0.4190462827682495,112.12298158472632,131.061949155958,57.47567057099411,52.645931831518894,-164.85050110009328,0.7272978934696115,0.5614921964933889,good
0.48691192269325256,0.4112279415130615,0.6015617251396179,0.5179481506347656,0.575961172580719,0.511982798576355,108.22205126812814,129.9854389465455,47.1062626082814,51.185365629284114,-166.88319288570375,2.1116524341011074,0.5299727257670849,good
0.38976919651031494,0.39468103647232056,0.4912932813167572,0.5047682523727417,0.4755887985229492,0.49208563566207886,101.59917464312518,115.77560206723035,68.27599093306154,61.23657357834752,-141.07637187414647,-3.283677771029143,0.520222569701685,good
0.48083359003067017,0.32715359330177307,0.5912224650382996,0.46888434886932373,0.5852417945861816,0.47827744483947754,131.46368758358102,136.60539422289264,92.12652128683199,95.86346526495879,122.485281823485,3.441829167051114,0.5473346397072706,good
0.5609546899795532,0.24546480178833008,0.7012996673583984,0.39628279209136963,0.6090430021286011,0.39773520827293396,128.73013739559778,139.07270706329308,97.35427441109331,88.15719273518266,179.098054942549,-0.4782013365686683,0.5200111427247882,good
0.40127992630004883,0.3212936520576477,0.48990359902381897,0.4858051538467407,0.5166609287261963,0.44650644063949585,109.60127590962648,123.0620186728428,54.85233882430957,56.77946705182373,-55.750210897411165,6.26251904066246,0.512757579636837,good
0.46948885917663574,0.3006470203399658,0.6035202741622925,0.455179363489151,0.5630686283111572,0.4491066634654999,120.7001139618839,130.674023191481,71.80562219345742,67.42627758326253,-171.46237324747742,-2.74053092765789,0.5404364431810765,good
0.4863903820514679,0.39550286531448364,0.5986140370368958,0.5537046194076538,0.5723976492881775,0.5453450679779053,120.21725712355058,130.3376313300096,153.39426322587514,126.7175344790855,-162.3142130366909,1.1943711036802356,0.5456605867312837,good
0.46509045362472534,0.1851450800895691,0.37823212146759033,0.2962500751018524,0.3648718595504761,0.3087485432624817,147.78623193390877,126.36187325369956,109.99258748535553,105.1455326210307,136.90878965073173,-2.8710839982835075,0.4340408013648806,good
0.6859597563743591,0.36516010761260986,0.6075092554092407,0.46651390194892883,0.5819554328918457,0.4829368591308594,154.23883463529333,129.38413459697628,135.84871019846844,140.38028762775977,147.2719138379294,-6.284817816280489,0.4946088244804694,good
0.6396152377128601,0.3367606997489929,0.540114164352417,0.432818740606308,0.5353214144706726,0.45451393723487854,127.53270098529642,121.10262553048963,108.55702513628295,98.98308817097355,102.4573022864083,-9.326345539718991,0.48005226931475675,good
0.4185141921043396,0.2161780297756195,0.3525821566581726,0.3432798981666565,0.3266105353832245,0.35758137702941895,132.62137652473993,122.71226569564182,102.34104084185381,105.67901433974028,151.16027314885605,0.6176301020381693,0.49500693159052006,good
0.6249911189079285,0.35733819007873535,0.5219992995262146,0.4654768109321594,0.5222404599189758,0.5016798973083496,147.34021011396413,121.23668067734876,119.44414039333314,101.88426493155973,89.61834004488928,-4.632594425503789,0.49842546400477394,good
0.5846055746078491,0.34565791487693787,0.5221325159072876,0.4741005301475525,0.47677233815193176,0.48494088649749756,134.17895440811324,123.99918084931147,119.7971730741499,125.49937583322456,166.559321926402,-2.1924494968909376,0.49677771418608907,good
0.5978243947029114,0.2947045862674713,0.4860462546348572,0.39525529742240906,0.47732222080230713,0.4218999147415161,136.1581167171136,114.97823899171787,148.4120247451008,135.30626500501052,108.12958505582776,-13.313943905776425,0.5246271660620788,good
0.3904587924480438,0.30273061990737915,0.5699807405471802,0.4490393102169037,0.5552977323532104,0.3868066966533661,138.89930981804463,163.1032241293346,75.15805176667611,86.90339421962462,-103.27544500527313,2.3944057400432204,0.6291747865685068,good
0.3904587924480438,0.30273061990737915,0.5699807405471802,0.4490393102169037,0.5552977323532104,0.3868066966533661,138.89930981804463,163.1032241293346,75.15805176667611,86.90339421962462,-103.27544500527313,2.3944057400432204,0.6291747865685068,slouching
0.37578994035720825,0.2770102024078369,0.5656991600990295,0.42485395073890686,0.5438505411148071,0.38155320286750793,148.017268836032,151.96451395618232,81.78722956356421,93.54774371354307,-116.77452175277975,-0.8944721183982473,0.6346574222923301,slouching
0.2865244448184967,0.4688047170639038,0.45566850900650024,0.4811466336250305,0.4703327715396881,0.4306771159172058,110.12785951985637,112.92512099169224,36.54877112721403,54.406345720630455,-73.79841691114413,39.72827530268784,0.5442280813020562,slouching
0.3565788269042969,0.3392237424850464,0.5040230751037598,0.36647576093673706,0.54423588514328,0.3603469431400299,141.0321166309743,123.55439985541787,73.05152021679919,86.15634145318973,-8.66573887480803,27.64463984319,0.4714761621184522,slouching
0.27583277225494385,0.38703179359436035,0.595308780670166,0.371807724237442,0.3941674530506134,0.36338216066360474,125.94846470254357,166.35613276713076,63.06252853492403,45.29709658918059,-177.6013523411409,34.90462007219973,0.7117931252032679,slouching
0.3581937253475189,0.31321632862091064,0.6085504293441772,0.39541539549827576,0.5394654273986816,0.3318910598754883,127.72254707724267,150.3012051382012,104.15430570335775,73.76912911910784,-137.4011594941787,19.411622493957207,0.669249508477908,slouching
0.4699644446372986,0.27003419399261475,0.6743364334106445,0.3980958163738251,0.6605017781257629,0.35173630714416504,149.10666075360606,149.16661656267664,104.54862427193257,96.69079767074284,-106.61621291762962,4.912698876800058,0.6759893562295547,slouching
0.355891615152359,0.3500276803970337,0.5530816912651062,0.40012532472610474,0.5356734395027161,0.3836888372898102,137.60845338223163,144.67239665197073,0.13493118148778183,19.232574014850574,-136.64464856517787,28.239276787159916,0.5294055961075768,slouching
0.3528192639350891,0.24215549230575562,0.5771660208702087,0.40446314215660095,0.43156105279922485,0.34754759073257446,103.99097338077088,136.2856367364146,50.78787557706344,22.371584708334208,-158.64995990645713,5.812390328006412,0.6310594679684945,slouching
0.19116884469985962,0.4859461188316345,0.4322514533996582,0.5698661804199219,0.4371858835220337,0.5235596299171448,90.53263567399277,102.18397478115389,77.94814338914716,64.17870546010053,-83.91750969297392,27.054892351037896,0.7160001759984553,slouching
0.27969348430633545,0.46820926666259766,0.5366334319114685,0.5575892925262451,0.5339613556861877,0.48411497473716736,102.80617136497827,124.59710745255653,52.92164909008828,41.610933443323916,-92.08278555768638,10.832192680586223,0.71638067060829,slouching
0.3521057367324829,0.3430582582950592,0.571380078792572,0.4198564291000366,0.4509674906730652,0.37943294644355774,104.15736960243851,145.58834206781918,133.4434949488391,66.00752323779174,-161.4426802128785,23.85888593265526,0.654846334917052,slouching
0.5358669757843018,0.2417600452899933,0.40420493483543396,0.2024046778678894,0.31590035557746887,0.30483049154281616,138.53293073836585,128.43634765693318,64.01443299819061,127.2560877012586,130.76567946688385,-21.318009401608794,0.7297459279840829,slouching
0.5819661617279053,0.34738343954086304,0.47010767459869385,0.27393487095832825,0.3848188817501068,0.35049232840538025,148.8538935840818,131.1959359076789,72.58413753234998,122.1653810554113,138.0880182999431,-24.795471028284048,0.6981578076877992,slouching
0.5454481840133667,0.232395738363266,0.4218240976333618,0.26684343814849854,0.31900715827941895,0.34749436378479004,134.32222752233798,132.35470734487697,61.1923635598798,111.83550321738743,141.88890791046148,-10.682144910377488,0.7842428389372781,slouching
0.5016117691993713,0.19830629229545593,0.39913126826286316,0.2675623893737793,0.28975626826286316,0.3367953300476074,135.53880053161484,148.66053740458318,66.02299955808701,92.01723147107,147.6667260187924,3.435614795598271,0.7263660525284362,slouching
0.5117427110671997,0.26967597007751465,0.41607826948165894,0.30800843238830566,0.29586082696914673,0.35724472999572754,141.13767246461458,139.5989623418525,109.15618179297644,123.40790143475824,157.72793927019134,1.022090001220098,0.7534257188454123,slouching
0.6253589391708374,0.343744695186615,0.5122867226600647,0.29931437969207764,0.4551706314086914,0.3564029932022095,90.96735544033183,118.34546648432564,87.43747031720144,130.13177324392632,135.01378540907396,-31.55442914539786,0.5963650896794755,slouching
0.6218492984771729,0.3580315113067627,0.5069072246551514,0.27884599566459656,0.44253405928611755,0.380923330783844,122.56814997526641,114.08445838674426,86.91188806789485,135.61397926838015,122.23681512499375,-28.43547663142649,0.6340190542936583,slouching
0.5123723149299622,0.2823464274406433,0.40733420848846436,0.2783108353614807,0.33213746547698975,0.3812286853790283,144.96458683778326,138.72969957383472,97.19901635134241,119.51238376382092,126.1536650970667,-7.733876385413581,0.7130104861797857,slouching
0.5892682671546936,0.2661893963813782,0.44144657254219055,0.2728637456893921,0.37647566199302673,0.3528503179550171,114.00384270443999,118.40869179965509,91.9397709748877,111.20171483906293,129.08601403280804,-14.485735726137214,0.7694567472982264,slouching
0.603118896484375,0.2402275800704956,0.44753754138946533,0.28734877705574036,0.410014271736145,0.3511478900909424,118.96070249365033,129.03094005746377,67.48172485513096,112.60605640589726,120.4617948642859,-18.075628529889148,0.7848282685976817,slouching
0.5304834842681885,0.22115501761436462,0.419671893119812,0.28527015447616577,0.3114459812641144,0.3522219657897949,142.0196129537518,127.46535742300576,62.629403095202086,102.90946542933202,148.25781585722862,-3.5307520940826533,0.8065158231596369,slouching
0.6702357530593872,0.19782745838165283,0.49025312066078186,0.21169513463974,0.45148420333862305,0.3031453490257263,129.5828528785815,115.87818744477498,58.260671821591814,116.28301259893576,112.97377213895544,-25.486463513578265,0.7581089067913513,slouching
0.6150267720222473,0.2659870982170105,0.5017279386520386,0.23002001643180847,0.44752374291419983,0.3038094937801361,135.21375621663393,139.61646104095033,94.67312419691102,119.93555193250845,126.30021984659581,-28.166144557145667,0.52491194676248,slouching
0.6589531898498535,0.19666624069213867,0.4784816801548004,0.2011331021785736,0.4369528293609619,0.3133457899093628,121.89156984720111,129.85861510156403,92.0182935765302,120.5842422075878,110.30903494612203,-24.620206853936242,0.8198026910345206,slouching
0.599791407585144,0.36752909421920776,0.4444969594478607,0.29355812072753906,0.4053926169872284,0.35213127732276917,159.20227619082425,135.93258652760642,103.38227462807374,124.41934938872753,123.72768453695217,-41.611998662554655,0.5962949250725038,slouching
0.6210845112800598,0.3825666606426239,0.5471852421760559,0.3789646029472351,0.5307397842407227,0.32089823484420776,88.3934161835739,88.09776282891328,167.8673186112523,157.85829878012095,-105.81309250971344,-68.38077724085454,0.35536060362187444,slouching
0.6636022329330444,0.16552838683128357,0.5239425301551819,0.21695303916931152,0.36663997173309326,0.26268091797828674,135.46956872684743,142.694291791038,76.50411532553363,98.59088283685443,163.79084378701327,-18.637621824532715,0.7790027996391329,slouching
0.47491729259490967,0.33817389607429504,0.34900492429733276,0.31411001086235046,0.23099474608898163,0.40805941820144653,169.9509998783422,143.07423257340938,129.54447865498062,139.17260558176037,141.47625626581265,-5.657115514406286,0.5853696483710881,slouching
0.5525901913642883,0.3958507180213928,0.4333609640598297,0.36562368273735046,0.30248939990997314,0.42907366156578064,160.5226439260948,144.2415921495111,165.69472054765072,153.1250017714806,154.13467145519655,-16.23967121686002,0.6554512905121092,slouching
0.5673832893371582,0.4287773668766022,0.43922537565231323,0.3905031085014343,0.33903002738952637,0.45174139738082886,170.8438984523384,142.33997610676735,160.22738707401555,158.333687332034,148.56718767483028,-22.66888169727614,0.5965668300909714,slouching
0.5682327747344971,0.4340032935142517,0.4475586712360382,0.3907107710838318,0.3124382793903351,0.4528787434101105,162.22946180676146,150.66709501520242,127.24049246086388,166.91865127810493,155.2931629606208,-18.00220124266549,0.6174082077228772,slouching
0.5461814403533936,0.4340393543243408,0.4292205274105072,0.3916829228401184,0.2956300973892212,0.4632083475589752,163.75189263440566,145.24819082726137,128.71442550766494,151.73797480946197,151.83503397484884,-11.903180172451462,0.6268237557955246,slouching
0.4680022597312927,0.44830894470214844,0.35977280139923096,0.41709673404693604,0.2629958391189575,0.48962879180908203,172.8624496617641,151.09416043592202,126.96722484581989,145.31220593023863,143.14930401434682,-15.663235216361162,0.5490323946403223,slouching
0.5525901913642883,0.3958507180213928,0.4333609640598297,0.36562368273735046,0.30248939990997314,0.42907366156578064,160.5226439260948,144.2415921495111,165.69472054765072,153.1250017714806,154.13467145519655,-16.23967121686002,0.6554512905121092,slouching
0.5673832893371582,0.4287773668766022,0.43922537565231323,0.3905031085014343,0.33903002738952637,0.45174139738082886,170.8438984523384,142.33997610676735,160.22738707401555,158.333687332034,148.56718767483028,-22.66888169727614,0.5965668300909714,slouching
0.5525901913642883,0.3958507180213928,0.4333609640598297,0.36562368273735046,0.30248939990997314,0.42907366156578064,160.5226439260948,144.2415921495111,165.69472054765072,153.1250017714806,154.13467145519655,-16.23967121686002,0.6554512905121092,slouching
0.5682327747344971,0.4340032935142517,0.4475586712360382,0.3907107710838318,0.3124382793903351,0.4528787434101105,162.22946180676146,150.66709501520242,127.24049246086388,166.91865127810493,155.2931629606208,-18.00220124266549,0.6174082077228772,slouching
0.5461814403533936,0.4340393543243408,0.4292205274105072,0.3916829228401184,0.2956300973892212,0.4632083475589752,163.75189263440566,145.24819082726137,128.71442550766494,151.73797480946197,151.83503397484884,-11.903180172451462,0.6268237557955246,slouching
0.4680022597312927,0.44830894470214844,0.35977280139923096,0.41709673404693604,0.2629958391189575,0.48962879180908203,172.8624496617641,151.09416043592202,126.96722484581989,145.31220593023863,143.14930401434682,-15.663235216361162,0.5490323946403223,slouching
0.4704352617263794,0.41126948595046997,0.37308913469314575,0.3971525728702545,0.23076534271240234,0.46239912509918213,167.94405798589753,148.46206116424003,105.66217244156417,108.85453115603181,155.37150691517277,-5.595119654599087,0.5729553176827478,slouching
0.5584172606468201,0.4640361964702606,0.42757272720336914,0.42279428243637085,0.3315909504890442,0.4824584424495697,164.04573612514673,141.8775855948888,149.28016599548863,154.54178114248896,148.13410311279907,-21.462630296006434,0.5795658440725113,slouching
0.5746561288833618,0.4734657108783722,0.4261898398399353,0.42303362488746643,0.36777228116989136,0.48232147097587585,162.0670895634909,134.41113663214603,139.98174553317324,140.61973993729882,134.57637554946862,-26.206685903436956,0.5486703261784684,slouching
0.5607606768608093,0.4933912456035614,0.41798135638237,0.4469801187515259,0.3605942726135254,0.4819170832633972,172.1433343204106,139.8151243936068,168.65848604453828,163.82007674115567,148.66715771643422,-24.527857811007223,0.5445103253347773,slouching
0.4997870922088623,0.3915800154209137,0.36395263671875,0.42494747042655945,0.22542154788970947,0.45307207107543945,170.70172616431375,115.97093571872097,89.15709751824235,92.99568611324761,168.52377888988738,-10.709507540053153,0.6478898845196752,slouching
0.7062722444534302,0.4337248206138611,0.5327122807502747,0.44505923986434937,0.4307623505592346,0.540629506111145,171.95481109416554,133.37297507830934,146.89969737164546,145.96405148233234,136.8499414092075,-37.111367352833604,0.6490810414902971,slouching
0.732556939125061,0.4372894763946533,0.5466413497924805,0.46978893876075745,0.47141578793525696,0.5639941692352295,150.26464639424043,130.48054913164012,81.95796921794972,66.09134998761965,128.60836252839889,-44.65700836719199,0.6134428449841206,slouching
0.5452208518981934,0.3873603343963623,0.43501102924346924,0.4446144700050354,0.32017776370048523,0.5233474373817444,176.85570351211246,155.47268791956643,93.14631923052508,72.62705799353792,145.56435136871164,-19.885851208991024,0.5539768979644615,slouching
0.6133351922035217,0.4583980441093445,0.46322742104530334,0.49701130390167236,0.3715684711933136,0.595118522644043,165.31707439969858,134.12101535554092,107.21036806932122,118.35662464900112,133.0538338533122,-19.91069840756764,0.7087863427838001,slouching
0.6132228374481201,0.4805997610092163,0.49124008417129517,0.5088242292404175,0.3645837604999542,0.6249198317527771,156.60684279128665,129.94378118877398,93.49612119471213,101.16624964195955,137.49103462549726,-24.183976550303004,0.6997080750734271,slouching
0.552597165107727,0.4833933413028717,0.40961384773254395,0.5031909942626953,0.33489105105400085,0.5905308127403259,167.65817672643837,144.59640494137057,155.37440337090237,152.58437475285368,130.54834487206412,-15.901724410929397,0.6500065141124791,slouching
0.4276827871799469,0.44240349531173706,0.3385346531867981,0.4813600778579712,0.19101303815841675,0.5682080984115601,175.4677715884154,138.38444377873088,65.05780879297875,70.58882852671336,149.5140880009111,2.474789673406364,0.6177607803321922,slouching
0.5265625715255737,0.46971189975738525,0.3760814666748047,0.5040944814682007,0.2944599986076355,0.5880606770515442,173.41117273849926,139.66088360307495,144.80272509805317,133.83288682152877,134.1887438350455,-10.694079807342094,0.7009687089431129,slouching
0.5752650499343872,0.47168752551078796,0.4235002100467682,0.4981410801410675,0.3333375155925751,0.5882585048675537,171.74012294442164,134.423123213871,109.30294849655482,105.0550891463859,135.0143874116269,-14.554780968027362,0.6858996824053177,slouching
0.5297478437423706,0.452057421207428,0.3980238139629364,0.4822150468826294,0.3138643503189087,0.5934662818908691,162.0752785178057,150.53538254285337,109.58413394201398,107.96931041660928,127.1068189421549,-13.07990054317485,0.6310263897983263,slouching
0.5102745294570923,0.442973256111145,0.39508286118507385,0.4890725612640381,0.2698235511779785,0.5793412327766418,172.24888496353822,144.52923163464797,106.13704593535067,117.88536222233893,144.22142749030985,-9.314644987412755,0.6719117779903847,slouching
0.4258019030094147,0.42736580967903137,0.32029128074645996,0.4959605038166046,0.21440601348876953,0.5652058124542236,166.49715377165631,140.7999092091656,123.9186197858637,135.59444777442135,146.81669961547084,-10.7225308473028,0.6912845172680299,slouching
0.43791282176971436,0.43047821521759033,0.3250245451927185,0.4942866861820221,0.2118222415447235,0.5635399222373962,163.23022011090978,147.93559814435957,88.27452343612993,108.18443120431417,148.5431537862435,-6.305391984802293,0.6964372995803494,slouching
0.5086209774017334,0.44281256198883057,0.3753579556941986,0.5070964097976685,0.28949666023254395,0.5612499713897705,166.93932383151682,141.2444660878007,124.37573441548754,136.90081968147865,147.7599676430221,-14.837697329349956,0.7060280042145591,slouching
0.5384588837623596,0.44103381037712097,0.37393712997436523,0.4827396273612976,0.2831307351589203,0.562890887260437,163.6969472319426,148.4465405050905,67.97280631327598,64.91981429781798,138.56641298427775,-3.8455187395526353,0.8051950707640408,slouching
0.45617711544036865,0.426007479429245,0.3499681055545807,0.4907264709472656,0.2244015634059906,0.5324832201004028,167.4149417456561,144.0779926746216,116.79383402022009,110.64259158105024,161.60562035784548,-8.122651366918907,0.6543518672194196,slouching
0.4523250162601471,0.4221314787864685,0.35049140453338623,0.48907598853111267,0.2126782387495041,0.5532231330871582,168.06330619897565,149.90510222331594,94.73519721692873,98.58166415575772,155.03969103816675,-4.852807399003426,0.6706105760508494,slouching
0.5056873559951782,0.4225148856639862,0.3898579478263855,0.4761674106121063,0.2660188674926758,0.5467612743377686,161.50987213677791,127.5359132750381,119.57548547174024,128.17830119738315,150.31490851764542,-10.338939205927806,0.6956948293682542,slouching
0.4566184878349304,0.40983152389526367,0.3437896966934204,0.45964354276657104,0.21675360202789307,0.5266586542129517,176.92071691513806,136.51928892324912,84.79635368260462,87.07828957535258,152.18709297397382,-3.930767291356854,0.6404160637678734,slouching
0.403514564037323,0.3878023326396942,0.3359062075614929,0.4583432674407959,0.15578842163085938,0.5245813131332397,172.06309657590774,136.40512697618587,94.68197424640161,146.0506317275311,159.8090770359728,1.8119460691459628,0.6256491467938992,slouching
0.4772571325302124,0.41322946548461914,0.37395599484443665,0.4662933647632599,0.23683668673038483,0.520448625087738,167.79595981935148,131.5691141593831,145.8726328392495,141.14254114579185,158.44846202418526,-9.24845812274596,0.6247367760514495,slouching
0.4597209095954895,0.44039809703826904,0.35036182403564453,0.44246476888656616,0.20758463442325592,0.5511527061462402,161.22645623956114,137.12691325754184,84.62676844996393,104.65719872716159,142.72009990573957,-4.72606498085204,0.6618585844995827,slouching
0.5669602155685425,0.45680493116378784,0.4061809778213501,0.45038577914237976,0.30771127343177795,0.5518664121627808,164.29245712732967,137.70259619537268,75.89301438175256,62.29922584019475,134.13728344976226,-23.80460453773726,0.691130860913399,slouching
0.545369029045105,0.45617765188217163,0.4141152501106262,0.4427020251750946,0.3081947863101959,0.5275211930274963,158.7336782960873,138.95643786795827,114.46225529539441,93.36974344556737,141.3128927343018,-26.56687385441423,0.5974209739395904,slouching
0.43961381912231445,0.4428214132785797,0.314250111579895,0.4044099450111389,0.18888908624649048,0.5352200269699097,165.56859389764293,130.74113117850308,82.85035132083335,136.08523576381472,133.7814360659044,-1.2112655496571685,0.6585883588322841,slouching
0.5849649906158447,0.4027300775051117,0.4989126920700073,0.4486047625541687,0.29120489954948425,0.47703543305397034,161.4303766217832,104.05736366449086,74.21065003334063,89.61463217524123,172.20589140057152,-15.021975892515833,0.6541846978241004,slouching
0.4590321183204651,0.34714892506599426,0.42144185304641724,0.4125579595565796,0.20391732454299927,0.3961610198020935,127.98867591119665,87.27303865149506,117.68563662746102,117.58166886108827,-175.68921218046268,-3.4895906902664495,0.5406566548169189,slouching
0.49929115176200867,0.39511191844940186,0.45675045251846313,0.4059655964374542,0.20173411071300507,0.43448665738105774,137.9434917842461,101.59728918544324,60.934233459632296,145.76098753526298,173.6185512159989,-9.527016193362115,0.6458928463862533,slouching
0.4927699565887451,0.45618441700935364,0.46711549162864685,0.4281623661518097,0.21985161304473877,0.44585415720939636,140.75532288959332,115.1552635771592,34.13825567969012,116.14544761507692,175.90744729364778,-11.76694758396483,0.5922648410963103,slouching
0.448796808719635,0.44836291670799255,0.43314963579177856,0.4472862482070923,0.18961144983768463,0.46346741914749146,166.28235024073317,125.81489217606128,77.38507947154147,102.28353898766639,176.19873926039978,2.821504499350348,0.5731915630118483,slouching
0.5811440944671631,0.4135803282260895,0.5038272142410278,0.4482249915599823,0.2325754165649414,0.48346343636512756,176.91134324128632,72.7463095161718,70.26784649306953,151.68005836789206,172.59813314190953,-8.020230681749126,0.7188793164465868,slouching
0.4491272568702698,0.3531845211982727,0.41303035616874695,0.40797024965286255,0.12389877438545227,0.46241632103919983,162.46970563245546,93.08406712287852,91.64870987297269,170.90834776472343,169.33557470013474,5.232070637391262,0.6530703323071296,slouching
0.4559471607208252,0.3200973868370056,0.41945359110832214,0.39755770564079285,0.13795506954193115,0.44384053349494934,150.36794473467396,97.10713656271265,62.132559161539355,153.17241349208552,170.66319841983739,1.0799727119437705,0.681754305830193,slouching
0.4737257659435272,0.38904187083244324,0.43648338317871094,0.4314666986465454,0.1700134575366974,0.46069806814193726,155.56941692422572,92.35956669790335,70.47544727083279,114.46122954844954,173.73976632186398,-3.8496216488790886,0.7031714294298933,slouching
0.5225449800491333,0.41959869861602783,0.455696702003479,0.42684197425842285,0.21997395157814026,0.45246657729148865,147.82510599666418,107.76376582474249,79.53474585360803,167.52202612862158,173.79593593277755,-18.707003808757648,0.7537446147544686,slouching
0.5306939482688904,0.42569592595100403,0.45755666494369507,0.42970743775367737,0.2515365481376648,0.4566445052623749,145.48756431397288,117.98643474118624,84.74659113916941,154.28994497864687,172.55085141225925,-17.72684320923124,0.7619754196987736,slouching
0.540307879447937,0.4262416958808899,0.4502505362033844,0.42987003922462463,0.2775189280509949,0.45541590452194214,153.12105057972394,116.64036458280141,67.63722683032502,176.9604614437372,171.58731387254437,-25.37291527394281,0.6994450609782312,slouching
0.4685964584350586,0.4750818908214569,0.4127469062805176,0.4302174746990204,0.18837040662765503,0.46387094259262085,160.9044730107425,114.9318382315344,90.46572437463365,147.96694890737288,171.46998536262413,-11.881584367679174,0.7213858137062958,slouching
0.4841309189796448,0.4100457727909088,0.4512494206428528,0.4315968453884125,0.19479668140411377,0.4588524103164673,158.70639429708078,107.28099800986493,64.60382063470686,154.89307751301916,173.93342917188102,-4.371367712235715,0.627294017051621,slouching
0.5210985541343689,0.42931100726127625,0.4537821412086487,0.424266517162323,0.18840351700782776,0.46564510464668274,151.4027465659014,91.37867924624415,75.5250274666296,166.5314875091562,171.13764018593798,-9.763291271684663,0.7079727083581623,slouching
0.4161566495895386,0.35484638810157776,0.3995414972305298,0.42037683725357056,0.12261255085468292,0.4572819173336029,165.2844156865907,106.79994300090169,58.312218765432114,137.63833481431098,172.40917420778655,11.02110093535066,0.6299089237367499,slouching
0.40465691685676575,0.29346638917922974,0.3753279447555542,0.40765517950057983,0.15383543074131012,0.4363662004470825,176.00016187492773,134.71182628592598,111.27923324622422,148.15108721019624,172.61420403197394,3.48055881334597,0.6436757355812031,slouching
0.5616202354431152,0.3257357180118561,0.4913765490055084,0.40109068155288696,0.2558618187904358,0.4496806263923645,152.81843112567984,131.6893501963735,84.18803791657483,140.7378332759182,168.34265176798974,-7.858688933697411,0.6897222882064378,slouching
0.49877721071243286,0.3177091181278229,0.43472689390182495,0.4074520468711853,0.21936269104480743,0.4610042870044708,155.9800224476705,135.06772621573063,91.02511942767143,121.04263101490415,166.03609513264826,-4.1694554048455315,0.6719739876875133,slouching
0.4120405316352844,0.3021775186061859,0.3733600080013275,0.39405643939971924,0.14569833874702454,0.4375692307949066,163.14394261887676,139.32385394137788,102.04706711217122,130.86933501645447,169.17960202458212,3.7872344813323684,0.6083669205277589,slouching
0.47571754455566406,0.31300920248031616,0.40707874298095703,0.4023137390613556,0.21031704545021057,0.43228524923324585,161.9658928719341,132.85576759697167,110.89301668143455,121.11265183464762,171.33905898024804,-9.006128106480581,0.6406994564564847,slouching
0.5610148310661316,0.33313074707984924,0.4706661105155945,0.40850433707237244,0.2591678500175476,0.46757492423057556,151.27466256575474,123.4778032302102,106.99980050949159,140.95685717622365,164.39517194052064,-11.563706917134489,0.7487571658845046,slouching
0.44322776794433594,0.34499984979629517,0.37846124172210693,0.4017358124256134,0.18691866099834442,0.47407254576683044,162.91779171754482,141.41174352656793,102.9692020250216,105.99273764726435,159.31077888995588,4.560833880612358,0.6024427343274146,slouching
0.4212704300880432,0.3174210488796234,0.3558507561683655,0.39496907591819763,0.18116158246994019,0.4480772316455841,165.82328992796883,152.25387271179596,111.41298531487122,121.5830524172824,163.0899334805595,2.5265532770008052,0.6126057910443694,slouching
0.5302650928497314,0.39989736676216125,0.4418818950653076,0.4066406190395355,0.2523011565208435,0.45992615818977356,161.7315942715347,136.80567662249575,132.70386421342752,132.20146010147766,164.30089718773715,-14.241945707398203,0.6352670243921499,slouching
0.5686981081962585,0.42127078771591187,0.4618750512599945,0.43006420135498047,0.287480890750885,0.4536551833152771,162.80315633658498,126.61365960338168,140.82298380343101,138.8682408673208,172.29613916377582,-21.789963173801898,0.6312953175545456,slouching
0.6101176142692566,0.43939337134361267,0.47181910276412964,0.43551406264305115,0.3518207371234894,0.47505155205726624,150.28274928389564,119.29823488112945,172.08714715472956,175.76582741209137,161.76379780244807,-33.02669123819988,0.5976886845033346,slouching
0.5021792054176331,0.40345126390457153,0.3944128751754761,0.40463221073150635,0.27841663360595703,0.4935460090637207,158.88809027761238,141.73241914182685,135.148370985953,126.91312961838173,142.5290015819815,-18.043870946527694,0.5952205171890922,slouching
0.463443398475647,0.38922128081321716,0.38501232862472534,0.403646320104599,0.2084512561559677,0.4835377633571625,162.34291994870026,142.78662204926434,139.46620458786506,133.75093021817582,155.65390592949208,-11.311729341668652,0.6166826261929986,slouching
0.4556778371334076,0.39448878169059753,0.39465561509132385,0.4066547751426697,0.19501188397407532,0.49137985706329346,156.11700930762487,138.11213403529166,105.79413637517716,111.15523940723405,157.00453637808468,-7.8227439510926375,0.6058018940737868,slouching
0.4626312553882599,0.4126245677471161,0.4194551706314087,0.41745734214782715,0.18555974960327148,0.5096209049224854,157.3142018191827,136.89908762891233,130.09774582789382,143.63826871195255,158.4937007985967,-5.526742787622491,0.6249758449746152,slouching
0.46967458724975586,0.37766873836517334,0.4202652871608734,0.42921683192253113,0.18441887199878693,0.508171021938324,159.83660548802075,93.67613326655753,58.43034712480891,177.50737266443357,161.49102468018074,1.011381013553147,0.6745220152215642,slouching
0.45562225580215454,0.3441801071166992,0.40791237354278564,0.432123064994812,0.20126551389694214,0.4286229610443115,150.5425946310046,103.80609361521118,75.97169080484284,155.42364184227876,-179.0296392086317,-8.719296311610632,0.5823583557156237,slouching
0.45132943987846375,0.24040138721466064,0.34810367226600647,0.3709716498851776,0.30297502875328064,0.3716244697570801,150.88412678773034,139.23225912882953,65.83271395028402,52.702574960070784,179.17123113301164,2.380021129321857,0.4670175568906063,good
0.478908509016037,0.22290033102035522,0.5573791861534119,0.3093675673007965,0.4787754416465759,0.290594220161438,52.37228096077963,30.429449753344173,136.63492767767488,100.63432565091675,-166.56738254187016,20.56303888023685,0.41347931209719835,forward_lean
0.38980036973953247,0.34320715069770813,0.4860832691192627,0.42535778880119324,0.47393786907196045,0.4152418076992035,59.613874558884625,63.9992419411156,85.07106179962008,90.00335296587828,-140.2088691348668,27.81930483035007,0.5164215781594708,forward_lean
0.5457320213317871,0.27659860253334045,0.5859103202819824,0.3695083260536194,0.5987687110900879,0.37618446350097656,161.87323537833097,158.93887682094496,94.32529260065452,102.35286566513862,27.43855323153359,7.63892898047041,0.4332111344406691,good
0.3975299000740051,0.4501146078109741,0.5077251195907593,0.4792681932449341,0.42139261960983276,0.4865902066230774,124.4919499155748,174.91088621566982,140.72653746236318,103.00852410729368,175.15224385319695,30.01406091006865,0.5687913156687836,forward_lean
0.29459303617477417,0.3157614767551422,0.38527658581733704,0.39669135212898254,0.33147338032722473,0.40680378675460815,65.5865105101954,40.83665718550107,86.06983846178031,69.04143940395116,169.35531366238675,28.8684151688613,0.46827901190530075,forward_lean
0.5196828246116638,0.18422654271125793,0.6922176480293274,0.22957628965377808,0.458342581987381,0.28095170855522156,120.19458326250684,167.05860740815666,108.29142527536584,107.66082767583978,167.61059801610412,19.727961262471435,0.2876955108908389,forward_lean
0.4942167401313782,0.17408031225204468,0.5988299250602722,0.2583536207675934,0.4699259102344513,0.2835058569908142,160.10109608784686,179.88376272191866,144.43133793070223,103.78369880653126,168.95895991182772,10.955031568184006,0.38419637771013404,forward_lean
0.6272081732749939,0.11859521269798279,0.6159495115280151,0.2398652732372284,0.470594197511673,0.17010611295700073,6.149959084038163,98.66800742799292,97.13001920127269,85.24972632577361,-154.36264339079824,-37.143109863126725,0.39898667751026534,forward_lean
0.27953076362609863,0.23039093613624573,0.44639405608177185,0.2648625373840332,0.3071974515914917,0.2835915684700012,115.34770356452769,26.710722327593622,138.57472223730358,109.11627015512978,172.33682362295588,40.87219061569704,0.5436134888883123,forward_lean
0.34892168641090393,0.24870987236499786,0.5142064094543457,0.19001027941703796,0.43948429822921753,0.22895002365112305,76.25940617377054,80.49674677126029,85.16522945375687,72.3751948534946,152.47474261644953,33.47102607566975,0.4139448335387785,slouching
0.5521371364593506,0.2877538502216339,0.5234735608100891,0.374154269695282,0.4622570872306824,0.3907080292701721,17.588042541177646,47.59085504774057,70.37717538504951,74.56566717603074,164.8683462879303,-16.031122495246315,0.503236211684994,good
0.5245059132575989,0.3052554726600647,0.5958503484725952,0.37751132249832153,0.5000370740890503,0.3615599274635315,68.39816278099993,27.005130323265902,130.19450155669705,111.865821737639,-170.54785086343801,-2.3658869600644574,0.4028287196587562,good
0.45623254776000977,0.3647097647190094,0.5392367839813232,0.42161405086517334,0.4445507228374481,0.43939465284347534,89.32260477389916,149.04714258502443,95.22091276055029,105.80933977760365,169.36458251926095,33.420959978420925,0.3400991898672933,forward_lean
0.5731347799301147,0.15416866540908813,0.47771593928337097,0.2453576624393463,0.5086396932601929,0.24766692519187927,101.26147125950777,85.1197282430128,113.85119947404425,122.93921552587378,4.270693810586456,-32.606954967793556,0.39168955036445946,forward_lean
0.6960044503211975,0.1565248966217041,0.6013689041137695,0.24943438172340393,0.6085894703865051,0.24435943365097046,120.01526129708475,111.73966673908758,110.96333322152184,111.55798105471054,-35.10132307739802,-19.56384245249486,0.4556514706933426,good
0.7688456773757935,0.24269777536392212,0.6439656615257263,0.30981406569480896,0.6477460861206055,0.30449149012565613,160.3967832441247,174.86479566568406,122.31233835508601,129.91835826783412,-54.615258804229796,-43.61467592070647,0.46150799435171946,forward_lean
0.5306921005249023,0.2404555082321167,0.48824840784072876,0.3094438314437866,0.37798842787742615,0.2629268169403076,7.796149834432808,123.7924035707647,91.25235628645216,96.85666898979814,-157.12585598281552,-35.316914595535806,0.4529864394273491,forward_lean
0.5327985286712646,0.2169625163078308,0.5694355368614197,0.2547405958175659,0.3515652120113373,0.25409621000289917,148.67157954377817,110.44945821141096,78.01313664210672,86.62655508558842,-179.83053919836368,-8.412230474727886,0.2823951962559739,forward_lean
0.8107956051826477,0.3484213352203369,0.7109906077384949,0.4207310080528259,0.671887218952179,0.3700111210346222,94.15337534147082,94.75639722631526,84.71661448071052,71.0387255330623,-127.63105838432625,-30.00882387407402,0.4830241377488732,forward_lean
0.5177730321884155,0.35696059465408325,0.4742899537086487,0.4171648323535919,0.47203636169433594,0.41874635219573975,129.45336288631594,123.99858017761127,85.82248028925025,85.11311727682362,144.9396912726503,4.550645508235451,0.5006335755680175,good
0.5164029002189636,0.2699364721775055,0.6110008955001831,0.3557322323322296,0.6225094199180603,0.3319891691207886,164.11107343233536,154.40779232618016,80.37606333626482,84.70828530345999,-64.14002054090103,19.481566912328653,0.5197862206803087,slouching
0.5703130960464478,0.3189426064491272,0.5855355262756348,0.41487962007522583,0.4594198763370514,0.41952890157699585,142.54245136619068,121.1042610629693,98.10252057046436,79.82602509721798,177.8887344255293,-13.360650260806628,0.4971500623284553,forward_lean
0.5672999024391174,0.2312150001525879,0.5147866010665894,0.3446912169456482,0.42666447162628174,0.24538153409957886,131.61053501470937,120.50609647567795,89.81935481323951,95.71164720264161,-131.58414454242154,-40.33476188539297,0.39697114356643376,forward_lean
0.47592198848724365,0.21559032797813416,0.6317501664161682,0.2562815546989441,0.4388858675956726,0.2585504651069641,109.3781595643109,172.12807425527222,163.89895167755515,106.23392930247637,179.32598726384714,12.201851728041639,0.3252474416716279,forward_lean
0.5024400949478149,0.15293747186660767,0.4795413613319397,0.2722187936306,0.6511176228523254,0.2758023738861084,159.92895054450346,99.8824280202915,90.95688100846087,124.51869260920918,1.1965185260210567,-0.449138905325233,0.4421428665619165,good
0.39325934648513794,0.14374524354934692,0.5241323113441467,0.2416095733642578,0.414615273475647,0.2490634024143219,123.86986375902069,133.9460523444853,74.12619893491049,72.64855635412134,176.1064018954892,28.581705395970747,0.40955529315750244,forward_lean
0.5829269289970398,0.4469832181930542,0.542870283126831,0.48785650730133057,0.48292627930641174,0.4813184142112732,86.38801582551221,97.85694838172522,109.02939263508131,100.354175511038,-173.77535429087806,-23.587734789397473,0.43190633990973787,forward_lean
0.43731266260147095,0.3640727698802948,0.3468400239944458,0.4088945984840393,0.3233196437358856,0.4060681462287903,122.84188558039045,125.80410250352851,101.3585612332552,91.9458775149766,-173.1476051732071,-17.091639554448655,0.4496984023425656,forward_lean
0.6299115419387817,0.1585606336593628,0.5998423099517822,0.2809127867221832,0.45274147391319275,0.26062068343162537,36.10829497757013,51.28700716539845,60.83413460071849,89.4810563584527,-172.14579503716743,-18.54501655083768,0.5513700801193181,forward_lean
0.5070087313652039,0.206650972366333,0.5771966576576233,0.29819875955581665,0.3817351460456848,0.2925114929676056,167.98455935611068,112.32310127346398,117.87309872096759,177.79919536115202,-178.33335750632773,-10.532089535398708,0.44217142378120033,forward_lean
0.3999934196472168,0.31264597177505493,0.35045281052589417,0.4050162434577942,0.3523954153060913,0.39858514070510864,165.44480774381378,168.23185331500846,93.61940564051461,81.34625373436818,-73.19232217402867,6.71023840712967,0.35541340608909416,good
0.5342530608177185,0.2736075520515442,0.4882012903690338,0.31563740968704224,0.3847910761833191,0.33996859192848206,161.27776620198466,135.26772005392343,105.85298531699183,141.71284327777744,166.75981233572324,-7.60183987191193,0.467378242173849,forward_lean
0.4462631940841675,0.12137177586555481,0.3728807866573334,0.23247110843658447,0.35161083936691284,0.2364419400691986,145.98244379816447,142.82507366532914,99.18143855906742,100.68297305384618,169.42532741634938,-1.5865594535619367,0.4464876905188811,good
0.4658823311328888,0.32190337777137756,0.4045756161212921,0.4063728451728821,0.39346393942832947,0.4114583134651184,148.9652410872811,148.5404493834388,103.66501611229108,93.51247870453189,155.4079058692469,-0.9467547255882737,0.5294740986850301,good
0.40003639459609985,0.3400075435638428,0.497241735458374,0.3938083052635193,0.4235647916793823,0.3918811082839966,120.20678223953155,177.6111253760055,115.33657441939,111.29976074355324,-178.50163328763762,36.19112284446429,0.4147477854414859,forward_lean
0.28882989287376404,0.29852595925331116,0.37249109148979187,0.3659220337867737,0.22713778913021088,0.38807904720306396,148.90037100576544,31.485613670660083,138.69812342847274,116.26559718214997,171.33280627825573,22.83708321229868,0.35274817125668234,slouching
0.4433524012565613,0.1586626172065735,0.380068302154541,0.22744391858577728,0.3591207265853882,0.2251913696527481,124.05502502420279,112.11018939285746,69.43088633572256,61.12557530042589,-173.8624156512667,-8.859487707657088,0.4353922675989885,good
0.5198838114738464,0.2613784968852997,0.5236031413078308,0.34865105152130127,0.4466613531112671,0.35332417488098145,136.73805458320277,130.96402392135948,110.62959801257892,99.42443985114538,176.52436277700494,0.39680996874373875,0.48986348544445163,good
0.4168815612792969,0.23330891132354736,0.619432806968689,0.26527220010757446,0.5024809837341309,0.27933356165885925,122.5682078485777,52.777137577020355,88.76289683658095,79.37735388474661,173.1441182225085,22.48815590559842,0.5250010713701613,forward_lean
0.48593083024024963,0.20943978428840637,0.5841716527938843,0.28386613726615906,0.48993563652038574,0.30871686339378357,160.5859484235964,177.35030332445967,135.55393065728907,117.41787507662787,165.22700090758042,18.391324024472546,0.43873990205385005,forward_lean
0.38209742307662964,0.19729319214820862,0.5753878355026245,0.22128131985664368,0.423342227935791,0.254831999540329,102.90936443736277,134.79186368631667,115.88557014376882,92.43970752516066,167.55641068513935,30.543004881348097,0.4565527946877539,forward_lean
0.5223631262779236,0.21920055150985718,0.6410568356513977,0.3189571499824524,0.4842544198036194,0.31615573167800903,132.58435367564553,153.60982129269843,116.12888844333422,90.2020437719554,-178.97646748500438,-6.518586761963904,0.47267740652093754,good
0.4367975890636444,0.3437020778656006,0.45842117071151733,0.4307268261909485,0.32847145199775696,0.4276520311832428,160.05017505117863,110.81041179599242,103.18274347160036,110.93386425525733,-178.6445533544675,5.027846550490596,0.42965828488029983,good
0.6482159495353699,0.3089975416660309,0.7138243913650513,0.3899691700935364,0.7003470063209534,0.3807288408279419,158.20656991352433,106.57743276614934,101.38077433248087,97.15400898515472,-145.56478786028612,-17.855022068922967,0.41912408601598433,slouching
0.49658203125,0.199152410030365,0.5578834414482117,0.2574409246444702,0.38287612795829773,0.23134879767894745,168.19938066806301,104.7198526351691,118.99086345572961,129.67983311625798,-171.52014123858626,-26.8324628256545,0.2334521854356637,forward_lean
0.39139437675476074,0.2544471323490143,0.5067219734191895,0.3220025300979614,0.3804885447025299,0.35742253065109253,128.4912736197812,16.57058723418333,93.30898983811439,115.58924312842966,164.32634293978643,44.475710846504,0.43204287562365074,forward_lean
0.4144251346588135,0.24904713034629822,0.5582981705665588,0.29477381706237793,0.5475806593894958,0.2786681652069092,111.9221890080313,86.87139597736927,81.18625580137432,65.52598187454207,-123.64179244383322,16.747374785196882,0.48824932340087795,slouching
0.5098773241043091,0.13644853234291077,0.6149996519088745,0.26237010955810547,0.5834506154060364,0.25732001662254333,137.41106502926417,142.86056128011344,82.33927205285495,86.56962849100358,-170.90574406810634,-2.054451186244886,0.47505939932668895,good
0.6467785835266113,0.3947722911834717,0.7083585858345032,0.4703733026981354,0.6190659403800964,0.4505141079425812,71.55468745384844,141.12110999341542,114.37949619521665,104.1774197168085,-167.46117400438263,-25.345717901659594,0.4366088440961802,slouching
0.6294280886650085,0.48737043142318726,0.6958630084991455,0.5637375116348267,0.6178007125854492,0.5647544860839844,91.8566613155786,164.26380930803128,168.5033230555589,177.93025593518996,179.25360832659263,-28.520518991827,0.4476710984981881,slouching
0.42433059215545654,0.28990915417671204,0.5695724487304688,0.2544531524181366,0.4815215766429901,0.27355074882507324,78.27625871625176,120.08015046625603,87.29935498783358,61.8646902745871,167.76250473082757,12.545563169404817,0.397870124062322,slouching
0.500149130821228,0.1549767255783081,0.6363852620124817,0.2903117537498474,0.5153008699417114,0.2985205054283142,143.5172434911606,157.46508413889774,74.00225700888346,72.04370387210368,176.12164490012816,12.179654802391216,0.5357844305363928,forward_lean
0.4176398515701294,0.33769553899765015,0.42889904975891113,0.37676817178726196,0.3111729025840759,0.3595578074455261,105.38471373106069,92.21490725855664,98.32806420115796,101.18871162378821,-171.68285617466472,-19.245190437767043,0.38041955113185144,forward_lean
0.4849579334259033,0.2817901074886322,0.4892282783985138,0.37817755341529846,0.39817139506340027,0.3890589773654938,152.48334509523977,120.45653414416854,105.59287290786426,96.4535986146074,173.1853910620698,3.6322931561812313,0.47845243596949233,good
0.4219144582748413,0.23600637912750244,0.5489711165428162,0.3052862584590912,0.4442868232727051,0.2964339852333069,110.2324282971923,66.69030623818342,90.35603420931017,100.87491522378338,-175.16647526447454,29.907010241510967,0.42412430869774764,forward_lean
0.5972067713737488,0.2832615077495575,0.6966601014137268,0.4040157198905945,0.6461095213890076,0.4070398211479187,145.50856257415478,142.57693941000466,106.5549333444722,119.70415492314874,176.57645901127367,-12.40826255886364,0.5145653390154958,good
0.5842713713645935,0.1523626744747162,0.7232089638710022,0.23423144221305847,0.6580824851989746,0.2504856586456299,141.5129331913875,150.55642676798917,136.18945628643272,135.65055989863205,165.98644895741677,9.301518356543122,0.48353851878818543,slouching
0.58954918384552,0.2389310896396637,0.6633094549179077,0.34453266859054565,0.6191195249557495,0.33036941289901733,133.11123729102903,140.35609812753023,96.93386062771381,106.89478838714773,-162.22889481643406,-25.870672011678664,0.3982972063719249,slouching
0.48961085081100464,0.1461748480796814,0.4245552718639374,0.25954964756965637,0.4304283857345581,0.28471362590789795,153.88783094368165,156.168747939499,96.77914530443174,85.33843867080132,76.86269787243533,3.1137385434075644,0.5041511128494015,good
0.41759347915649414,0.39843371510505676,0.49678152799606323,0.4456159472465515,0.47522273659706116,0.44244518876075745,144.72390368278508,156.96073458854252,102.46103279060426,97.35759096233963,-171.6332086294816,23.400436034778057,0.48785002295399427,forward_lean
0.5199000239372253,0.18821030855178833,0.44099923968315125,0.32862263917922974,0.37641432881355286,0.32249683141708374,151.61099156782507,144.0245699568297,23.30644775240658,23.0532775303502,-174.58176757317503,3.239866822253857,0.44562434552239233,good
0.3213418424129486,0.28936767578125,0.45966172218322754,0.22875630855560303,0.4030843675136566,0.30007854104042053,148.24086274164426,37.343968549160294,95.72582905650633,94.4885498094912,128.42369949451046,40.18433647815542,0.4099662359253091,forward_lean
0.4376871585845947,0.162843257188797,0.5760348439216614,0.274604469537735,0.42791008949279785,0.30424702167510986,129.98485718213914,171.67246256468957,88.02142783909596,97.57335395814486,168.6835212354646,29.53221206225618,0.5084092947723567,forward_lean
0.47874507308006287,0.17619872093200684,0.44275179505348206,0.3077229857444763,0.40634533762931824,0.3071659803390503,146.7649801559245,145.04278812948138,87.45067062491884,86.914013221999,-179.12346403989545,2.9051841389138335,0.49452052650783956,good
0.5019718408584595,0.1953577995300293,0.4233142137527466,0.2996187210083008,0.4060323238372803,0.30646100640296936,141.25247905243265,139.3385064224851,84.8077663975913,82.90225757465727,158.4002833637811,3.5708600555487275,0.46815416073382116,good
0.42003175616264343,0.11520829796791077,0.3757735788822174,0.22531983256340027,0.3402765393257141,0.21711057424545288,117.22757333371459,123.67988420449731,108.49253089311875,112.45127624257138,-166.97836254934376,3.4243757497902383,0.45481001578758845,good
0.49290746450424194,0.13755160570144653,0.6430957317352295,0.2599303126335144,0.4708085060119629,0.25962942838668823,134.20963731340072,158.17339014620075,112.25000125043661,93.10502845657747,-179.8999381418655,1.3354179368010677,0.4985028589160551,good
0.5490773916244507,0.17771035432815552,0.6513367295265198,0.32400810718536377,0.6241527795791626,0.3066848814487457,116.37956092235771,121.5811497382695,102.65837043997578,108.42420852576409,-147.49229513352338,-0.5376403451252253,0.4958077937677228,good
0.48617416620254517,0.18228650093078613,0.6239023804664612,0.2717593312263489,0.4876328110694885,0.26714888215065,122.66403431368694,162.06890239919719,126.05212379498211,65.04479427473557,-178.06223392092002,16.18233506391396,0.4430041047319979,forward_lean
0.3775971233844757,0.19667303562164307,0.3096276819705963,0.30714693665504456,0.2962540090084076,0.31867462396621704,119.18979284867838,111.55540524536794,89.88911298229854,89.00781963519428,139.2396910336989,6.581166732868866,0.4632885735121168,good
0.48986589908599854,0.19865813851356506,0.4327063262462616,0.3075239956378937,0.4048980474472046,0.3013770580291748,129.3876770974682,115.29105628740048,97.55251720261579,89.74520345386311,-167.53537281745426,6.456087879920069,0.45183360562956465,good
0.4912259578704834,0.24286603927612305,0.546421468257904,0.31586867570877075,0.5518054962158203,0.3279215693473816,142.43215234725176,144.947444900843,93.6827406110292,105.71526800280631,65.9296830552887,0.1779686576540926,0.48217478053256957,good
0.5977911353111267,0.30876827239990234,0.6570166349411011,0.37565627694129944,0.6415969729423523,0.36768752336502075,137.21363252641137,142.26853520089276,101.57355391800382,108.75627241284312,-152.6704538309623,-4.2900464541871735,0.4252414948095043,good
0.6081733107566833,0.20477011799812317,0.6675564646720886,0.277700275182724,0.670049786567688,0.28992724418640137,106.10872691011366,117.36857689656826,76.87317081431924,85.02722784500044,78.47427751465587,-0.6012151651414265,0.4383418641821254,good
0.5077734589576721,0.14153629541397095,0.44217780232429504,0.25812828540802,0.46024268865585327,0.277352511882782,154.25204594297816,160.23533291620825,88.79326909862473,80.92670619330993,46.78078537854486,2.8788948754850394,0.5155248690017326,good
0.44018349051475525,0.19648629426956177,0.3192262053489685,0.30831798911094666,0.339211106300354,0.34800776839256287,154.16043077473614,145.06649816364293,64.92246568374607,52.59898747430615,63.27348191649105,1.8368652048289227,0.49928058381818435,good
0.607715368270874,0.09899088740348816,0.6953175663948059,0.2312980592250824,0.680770218372345,0.23230969905853271,121.90648559957704,122.58732259819436,92.61309906851479,89.81929795435703,176.02198782039335,-6.203590068141817,0.43918869827660983,good
0.4854213297367096,0.25416460633277893,0.5550605654716492,0.34004348516464233,0.592231035232544,0.33678093552589417,115.4257451926086,137.7242312725522,107.57969142584831,108.3541222389581,-5.016145709257217,-1.2156499351275671,0.4292236069350751,good
0.38559237122535706,0.16865625977516174,0.33426403999328613,0.24866005778312683,0.33325430750846863,0.2532508671283722,137.05387696356095,135.94715438804005,121.2506741884155,112.74164488901918,102.40449512527938,-3.892555477840591,0.42383310498870785,good
0.5838987827301025,0.16850987076759338,0.5339380502700806,0.2512895464897156,0.5236133337020874,0.25683456659317017,129.93751671342207,131.6308343744026,134.4803552023905,121.20459866259519,151.7614134667838,0.12497055253935152,0.4321208783461397,good
0.4739471673965454,0.22691777348518372,0.49262380599975586,0.3092021942138672,0.3571968674659729,0.3056332468986511,26.972119633218423,50.77652825021884,114.87242796004496,111.47419232235679,-178.49041629232886,-0.6152837942496387,0.4301642902699496,good
0.5507002472877502,0.2728925049304962,0.7105647921562195,0.37788501381874084,0.5530852675437927,0.3860915005207062,111.97280162754663,160.80893861973576,93.23436276130136,91.32572341724337,177.01693205482152,-0.07717690227395768,0.5317801058766526,good
0.5534152388572693,0.16613522171974182,0.6787405610084534,0.2696516513824463,0.6294468641281128,0.2645629346370697,118.105932456722,133.96196813971537,51.96122670086271,53.16519449545609,-174.10608533966519,-1.2991791061990854,0.4835194933022459,good
0.4090350270271301,0.1148214042186737,0.3738614320755005,0.24174091219902039,0.35953402519226074,0.23473241925239563,129.94946604550725,119.59701196646301,113.27404246320793,109.82036781987611,-153.93365085275693,2.5914370364886583,0.42922668034210076,good
0.3801789879798889,0.1762893795967102,0.28423362970352173,0.2881421446800232,0.25331664085388184,0.2900935113430023,143.21272215209976,149.1280803235425,86.6026370370994,87.47364247509735,176.38849166007128,9.130342732771686,0.6044900719373798,good
0.5459997057914734,0.20282816886901855,0.4639468789100647,0.30764955282211304,0.46644002199172974,0.3071443438529968,150.5257752110638,152.87397821676686,99.03639891720888,97.83619728410953,-11.455267387165927,3.8308780656924584,0.5531855106606096,good
0.1810913383960724,0.23215016722679138,0.31677326560020447,0.33479806780815125,0.3872056007385254,0.2888863682746887,97.66888397321271,105.29438146170868,84.76810647168229,93.11687000709938,-33.09853731150636,46.05516954795285,0.5240768794795556,forward_lean
0.7294955253601074,0.24833956360816956,0.6031244397163391,0.31806522607803345,0.6020711660385132,0.3207937479019165,146.82961198994815,142.53875045470534,60.68490420069474,131.35555266750814,111.10776256929744,-35.488125739331075,0.5666710384779557,forward_lean
0.21003523468971252,0.3641536831855774,0.40258949995040894,0.41622477769851685,0.3687569499015808,0.43178558349609375,50.856110853807984,71.16654008722203,108.70729686445492,115.81107819663406,155.30059907843966,61.81117302904891,0.5891642270424671,forward_lean
0.6900061368942261,0.18306252360343933,0.4715883731842041,0.26111215353012085,0.4983380138874054,0.2737894058227539,71.34810728031071,70.77612388203035,104.98480795416998,96.20467817103082,25.357318350927457,-32.20421263727936,0.6397154358848809,forward_lean
0.38444387912750244,0.304833322763443,0.4596104621887207,0.29004862904548645,0.4508517384529114,0.291102796792984,99.95198854525212,51.677639339772355,105.7729562339999,99.46173994440446,173.1371016757378,24.11298915961965,0.29065123548745764,forward_lean
0.6367793083190918,0.46572646498680115,0.5525093674659729,0.4981776177883148,0.4656869173049927,0.4691087603569031,109.5543237526174,116.59605964542718,92.89468868836768,88.66819766074643,-161.4890380100226,-54.74707853688205,0.5420699474206674,forward_lean
0.7403626441955566,0.3276090621948242,0.6528632640838623,0.3648114800453186,0.49769067764282227,0.3533928692340851,142.3116328092304,99.62246224298055,85.3811606304861,96.84334039094357,-175.79138848203536,-47.615612831394806,0.6725931341183118,forward_lean
0.48103976249694824,0.09163728356361389,0.689764678478241,0.19351167976856232,0.39956068992614746,0.19990725815296173,111.80129582837097,146.68020614333162,115.28801381230885,97.34151922951753,178.73750755949686,17.040875157482386,0.5570397401930439,forward_lean
0.3784904181957245,0.3541940748691559,0.516415536403656,0.3868521749973297,0.3815079927444458,0.40654420852661133,55.54884619157299,170.28118469650119,113.94111779852415,126.74525277256804,171.6953627327635,46.81783657923433,0.39783404335367456,forward_lean
0.5402004718780518,0.3470698595046997,0.5682327747344971,0.4204462170600891,0.3793109655380249,0.38639843463897705,172.52226456056306,98.35710355066608,111.31762521025598,110.59846562597473,-169.7837309132693,-34.847098676873564,0.39073514400435305,forward_lean
0.6938053965568542,0.26326534152030945,0.695563018321991,0.37451520562171936,0.5247300863265991,0.2768588960170746,1.5633864419547407,117.01242077724764,89.82106782770295,135.29568114891967,-150.24564055580834,-17.985976288906276,0.34620495453204475,forward_lean
0.44768741726875305,0.2104511857032776,0.333671510219574,0.30081015825271606,0.32647642493247986,0.32736659049987793,45.003718970652734,41.13274598455217,48.112160300612565,52.86250148719126,105.159531722979,-14.70279757507877,0.42144070224057506,forward_lean
0.4399794936180115,0.33453094959259033,0.3867167830467224,0.33707302808761597,0.3049187660217285,0.31385499238967896,134.95723224867248,71.97547577114362,125.78289243996169,114.78396872359815,-164.15362164242973,-28.937428828821364,0.4342800014829443,forward_lean
0.34515368938446045,0.30414092540740967,0.2877890467643738,0.3736933171749115,0.2615300416946411,0.34218913316726685,134.300220514424,133.69408193247034,107.96120829184761,104.36023034918382,-129.81149355813957,-23.344668974943875,0.35942621582260664,forward_lean
0.4679139256477356,0.2646818459033966,0.5752044320106506,0.3338872194290161,0.5454370975494385,0.34851348400115967,114.60860576612056,132.3247900685862,94.61365644336469,103.23916514514356,153.83267437424487,30.983279276544224,0.5092214374395477,forward_lean
0.4591808319091797,0.18616172671318054,0.3957442045211792,0.2976926565170288,0.27534887194633484,0.21476945281028748,57.99880335354,97.03519000395384,118.06409445939649,115.33041313531317,-145.44257592771035,-22.036731120906126,0.5239675720072723,forward_lean
0.502539873123169,0.21979406476020813,0.41522032022476196,0.3046582341194153,0.37145063281059265,0.26300519704818726,120.742817841337,125.0986934566283,84.87098316837726,81.92993796812091,-136.41941528109723,-40.478014835830855,0.4366395383822111,forward_lean
0.5906298160552979,0.2207818627357483,0.5218949317932129,0.26712483167648315,0.5029628276824951,0.2563096582889557,34.77113149056354,40.000344618048615,113.20765182755808,103.51711361522375,-150.26235549612812,-18.26612395536119,0.3278509971756842,forward_lean
0.25743570923805237,0.22059032320976257,0.4923686981201172,0.26401880383491516,0.43434786796569824,0.2995137572288513,68.97384617600171,82.6109431074832,99.28794269231673,91.73394141967444,148.5432791833394,40.44007482042732,0.566555028162363,forward_lean
0.21199262142181396,0.18939656019210815,0.38513365387916565,0.3141644299030304,0.3554660677909851,0.30950820446014404,131.4778082294642,129.30692877234063,69.70729688947593,71.96215055980436,-171.08038644722095,30.007129621095395,0.5453243726761673,forward_lean
0.6658280491828918,0.164549320936203,0.5453189611434937,0.25771957635879517,0.5340523719787598,0.2665644884109497,112.78007718273756,115.57390934075904,95.51749062042809,92.60588397447641,141.86607400827867,-23.189921796782993,0.51531586627795,forward_lean
0.852198600769043,0.25291571021080017,0.7321999669075012,0.2857798635959625,0.7079349756240845,0.25363948941230774,79.82132191354259,76.08121880089469,100.81854236068794,101.93011030634305,-127.0516790449787,-53.006193412642276,0.36860148241923973,forward_lean
0.42524924874305725,0.1738339364528656,0.5586201548576355,0.2836470305919647,0.5070090889930725,0.26936331391334534,141.1941249899994,149.061586374682,114.7538757420125,109.81904492864759,-164.5302072795129,34.400103100591814,0.49446469070262117,forward_lean
0.48818686604499817,0.3032379448413849,0.39066267013549805,0.3535805940628052,0.33692044019699097,0.34539294242858887,104.13051986248117,94.30815466275453,90.18538231334111,83.22181094168587,-171.33757390734425,-19.551221166584806,0.43923318177108406,forward_lean
0.4505321979522705,0.30029475688934326,0.39093732833862305,0.35782450437545776,0.35567212104797363,0.3288680911064148,93.48605072866201,95.32013457669406,107.3878497889911,116.52752321389441,-140.61043503583596,-22.51517590284655,0.39692402465306426,forward_lean
0.5492236614227295,0.29047882556915283,0.5594678521156311,0.40263962745666504,0.40764978528022766,0.3364979028701782,9.2706959262618,90.3067579026717,100.28700884162356,153.16248217524873,-156.4589581331208,-5.946496775449742,0.29082969955509147,forward_lean
0.5194574594497681,0.2356749325990677,0.7831063270568848,0.2462477684020996,0.541189432144165,0.2694205343723297,85.74887507746381,152.00534102469732,160.42833911212577,120.87982350049577,174.52843843759265,55.653017803066234,0.47979264913292824,forward_lean
0.36163458228111267,0.1469910889863968,0.6456865668296814,0.16304579377174377,0.42048442363739014,0.17650532722473145,101.68319793444316,167.2472756046115,116.61706598557943,105.86003139375835,176.57970304405706,50.24890120231721,0.5581373343587158,forward_lean
0.6706220507621765,0.16849735379219055,0.5867002606391907,0.24120517075061798,0.5477583408355713,0.25304287672042847,88.5278394086831,101.9727197448123,107.86999754598989,94.87202461117968,163.09158700896265,-10.264925552711805,0.5174348848708655,forward_lean
0.5171457529067993,0.3147660195827484,0.4480648934841156,0.3590790033340454,0.3362923562526703,0.33650633692741394,107.73499579475155,94.5911909189869,91.18105798734675,93.79144404684575,-168.58257859387993,-19.4354044116985,0.5730179386484608,forward_lean
0.2831202745437622,0.3643820583820343,0.5729290246963501,0.42950379848480225,0.2736644744873047,0.4314826726913452,121.77268957540178,9.046144013611558,148.74651850645222,100.67514115905905,179.62113959815343,20.721832931203302,0.6684235286019672,forward_lean
0.58112633228302,0.1685146689414978,0.5153005123138428,0.2826196253299713,0.5100514888763428,0.28823959827423096,131.68359039555122,125.006009524157,98.7861792175767,108.92177037158395,133.04530298655024,-11.976013581089642,0.48869331256284776,forward_lean
0.4758429229259491,0.38807132840156555,0.523745596408844,0.43991586565971375,0.5835350751876831,0.4331887662410736,174.1474699209929,164.66745279631635,107.4263443809506,101.60389885027747,-6.419527746978172,21.174600880137127,0.481736151127017,forward_lean
0.408849835395813,0.5093805193901062,0.35463541746139526,0.5546296238899231,0.309200644493103,0.5596106648445129,34.547499766886204,126.17040131962335,154.69349161508302,79.88296770847238,173.74361495618666,-29.482196840556362,0.5812884461588524,forward_lean
0.8160834312438965,0.21648642420768738,0.7379107475280762,0.26761046051979065,0.7188069224357605,0.25584301352500916,126.51103889798411,135.11746248710898,112.7781854551047,105.12782663714704,-148.3680379342609,-11.50001891227444,0.35532557156168443,forward_lean
0.489202082157135,0.30023860931396484,0.6475048065185547,0.34978213906288147,0.605538010597229,0.3390965461730957,102.15124951286931,90.05453964483549,122.4851665266456,101.62319771342088,-165.7148837219043,27.311573772976377,0.6561761614627227,forward_lean
0.6302660703659058,0.1961253583431244,0.5865274667739868,0.30525389313697815,0.4456557333469391,0.30829131603240967,167.41968196884002,164.2982945953543,68.60393436222158,80.65236336499696,178.76480152188077,-16.25706830146823,0.4541348808395885,forward_lean
0.2696818709373474,0.18383124470710754,0.37918275594711304,0.287189245223999,0.28286033868789673,0.29203081130981445,74.1424962878121,179.0996073854328,119.01766677963602,99.34733872565458,177.12249705255613,32.198351194574954,0.47603029450138756,forward_lean
0.3412824869155884,0.2478083372116089,0.5270458459854126,0.39810270071029663,0.3798142075538635,0.36117053031921387,33.06198065181203,17.008933692641243,141.78368710556043,82.16252284632456,-165.91825350293985,14.986020683459575,0.5387148011652307,forward_lean
0.5618112683296204,0.43788275122642517,0.5455335974693298,0.5501891374588013,0.49049943685531616,0.5261046886444092,122.0049222828325,105.35538422157654,87.43421512919971,97.27133025621373,-156.36450259818383,-16.280916719963173,0.4887338303499042,forward_lean
0.6610919237136841,0.3646865785121918,0.6122240424156189,0.4534437358379364,0.5047231912612915,0.43945732712745667,179.31643946550182,103.5150618414868,78.3315971169856,95.06270307830282,-172.58716638779947,-18.504001416633063,0.47380830777716615,forward_lean
0.44961124658584595,0.3132718503475189,0.4089394211769104,0.3509063124656677,0.35505780577659607,0.38285166025161743,42.64359528100883,103.18298979717956,127.84208174367048,122.056523246641,149.33713384473486,-22.77164604446953,0.4212913712456821,forward_lean
0.40228861570358276,0.3152216970920563,0.4619229733943939,0.37271568179130554,0.4544607400894165,0.3804463744163513,117.7460890736897,132.28045362253866,89.82022321529396,93.08261194123233,133.9876877226165,19.72866330315153,0.4544336286003951,forward_lean
0.4545736014842987,0.4023248255252838,0.4099842309951782,0.44172361493110657,0.3912216126918793,0.4327899217605591,83.34653793076207,96.40529387784308,83.54477695044874,83.18527301131616,-154.53886288853013,-17.94235048018746,0.36149663797494647,forward_lean
0.3705947697162628,0.43389591574668884,0.4493454694747925,0.5103833675384521,0.4944347143173218,0.4873489737510681,130.100272136782,108.86424181686071,50.350113657716896,60.33640101932567,-27.060774475187706,24.116703028807372,0.5620469009060152,forward_lean
0.5933753848075867,0.27686607837677,0.7343498468399048,0.3202601969242096,0.6527111530303955,0.30373847484588623,102.75638348409144,133.56682860376912,129.74359936769545,75.97918386727129,-168.55922212372226,16.951995991429246,0.3545173227541789,forward_lean
0.7327636480331421,0.1776341199874878,0.5813962817192078,0.2752310335636139,0.6032989025115967,0.2546537220478058,162.0529278646153,127.0449676017339,90.07511959565242,93.81169357538688,-43.21303845168318,-35.357209343984024,0.5244513066262959,forward_lean
0.6117866039276123,0.2571421265602112,0.4988985061645508,0.3422432541847229,0.47766003012657166,0.3295823931694031,28.90372436147871,38.80514658124288,96.93816883883508,73.38623767641494,-149.1996251711377,-44.49081846702913,0.4481564144669904,forward_lean
0.5319280624389648,0.24889351427555084,0.6583770513534546,0.295158714056015,0.6520156264305115,0.2639581561088562,101.48919136043627,112.58472520311511,108.96082331089526,111.60062820670161,-101.52397932195831,46.5123472438056,0.4712102913390251,forward_lean
0.6008197069168091,0.39249610900878906,0.4321693778038025,0.45444047451019287,0.39986056089401245,0.4360419511795044,135.21770323567654,126.21059382723287,108.83962501619469,107.91776342433832,-150.34029212527338,-46.28728042518866,0.6366852249153353,forward_lean
0.5886862277984619,0.27485308051109314,0.4848399758338928,0.36631542444229126,0.4445960223674774,0.34014037251472473,94.13319864028423,97.66374259548306,89.75821007206703,86.8599455017259,-146.95963931943285,-17.179384472468943,0.5270287849562347,forward_lean
0.43946534395217896,0.14800330996513367,0.36909806728363037,0.2376890480518341,0.31367963552474976,0.2477792501449585,139.94862480316385,132.46156920704834,102.15609780369606,93.72868277151852,169.68101939029148,-26.085571357055134,0.45301504049001984,forward_lean
0.4505232572555542,0.5772096514701843,0.4064548909664154,0.6132004261016846,0.39908215403556824,0.6127634048461914,78.68427343680816,87.9789688878064,84.91144756781839,83.80546980419497,-176.60774424960405,-9.39913410165763,0.37260929577418384,forward_lean
0.32906752824783325,0.3876400589942932,0.2706822156906128,0.43054160475730896,0.2763034701347351,0.41782498359680176,160.26271661624818,130.59652078721305,97.67352856815118,73.06081459800966,-66.15265701135306,-25.871554807526483,0.30726799561316,forward_lean
0.36193448305130005,0.22455903887748718,0.32333362102508545,0.3042881488800049,0.25623828172683716,0.2814156115055084,86.58449908340877,100.90473771182667,104.63838181147588,110.93526257699864,-161.17595843300194,-12.235963442475427,0.36811190978309266,forward_lean
0.4490427076816559,0.3490108847618103,0.6054537892341614,0.38777828216552734,0.5523797273635864,0.3962308466434479,108.50534308571338,108.9711478135288,76.38219563327338,57.08669188354123,170.95107958015268,26.475179345938567,0.6124769113745887,forward_lean
0.5333515405654907,0.31748631596565247,0.47682082653045654,0.39104506373405457,0.4255253076553345,0.3761361539363861,143.0055522150098,130.5598227759733,106.7287077810287,93.62754977989572,-163.79363054607776,-24.85014949611914,0.39304940949352635,forward_lean
0.4020615220069885,0.321034699678421,0.46125033497810364,0.37354007363319397,0.4546174705028534,0.37652310729026794,116.597819574872,135.8726289417367,86.5808139495389,95.40341017345318,155.78486554576824,18.690618513717045,0.4367904038124786,forward_lean
0.29052311182022095,0.4248694181442261,0.34860995411872864,0.43635040521621704,0.33119747042655945,0.4493926763534546,136.47900156864495,129.62869891504099,99.75145742161095,97.78443558871531,143.16611292662438,28.50398017822202,0.4108470073420845,forward_lean
0.4469279646873474,0.3534073531627655,0.5051780343055725,0.4012664258480072,0.5140359997749329,0.3945159614086151,126.45139451788602,120.95688994461504,85.22363155644543,86.34774698385012,-37.31024360358215,16.043972582472733,0.3353695828304897,forward_lean
0.6799950003623962,0.21906644105911255,0.579161524772644,0.2903618812561035,0.5242185592651367,0.26848965883255005,126.54202370725915,109.04139667980853,100.03092956409925,103.61615155913107,-158.293013515917,-34.332000467325535,0.413142192856002,forward_lean
